solid OpenSCAD_Model
  facet normal -0.290283 0.956941 0
    outer loop
      vertex 2.61229 0.521792 0
      vertex 2.31214 0.430743 5
      vertex 2.61229 0.521792 5
    endloop
  endfacet
  facet normal -0.290283 0.956941 0
    outer loop
      vertex 2.31214 0.430743 5
      vertex 2.61229 0.521792 0
      vertex 2.31214 0.430743 0
    endloop
  endfacet
  facet normal -0.95694 -0.290286 0
    outer loop
      vertex 3.56926 2.31214 0
      vertex 3.47821 2.61229 5
      vertex 3.47821 2.61229 0
    endloop
  endfacet
  facet normal -0.95694 -0.290286 0
    outer loop
      vertex 3.47821 2.61229 5
      vertex 3.56926 2.31214 0
      vertex 3.56926 2.31214 5
    endloop
  endfacet
  facet normal -0.995186 -0.0980073 0
    outer loop
      vertex 3.6 2 0
      vertex 3.56926 2.31214 5
      vertex 3.56926 2.31214 0
    endloop
  endfacet
  facet normal -0.995186 -0.0980073 0
    outer loop
      vertex 3.56926 2.31214 5
      vertex 3.6 2 0
      vertex 3.6 2 5
    endloop
  endfacet
  facet normal -0.881917 -0.471405 0
    outer loop
      vertex 3.47821 2.61229 0
      vertex 3.33035 2.88891 5
      vertex 3.33035 2.88891 0
    endloop
  endfacet
  facet normal -0.881917 -0.471405 0
    outer loop
      vertex 3.33035 2.88891 5
      vertex 3.47821 2.61229 0
      vertex 3.47821 2.61229 5
    endloop
  endfacet
  facet normal 0.881922 0.471396 0
    outer loop
      vertex 0.669648 1.11109 5
      vertex 0.521792 1.38771 0
      vertex 0.521792 1.38771 5
    endloop
  endfacet
  facet normal 0.881922 0.471396 0
    outer loop
      vertex 0.521792 1.38771 0
      vertex 0.669648 1.11109 5
      vertex 0.669648 1.11109 0
    endloop
  endfacet
  facet normal -0.290286 -0.95694 0
    outer loop
      vertex 2.31214 3.56926 0
      vertex 2.61229 3.47821 5
      vertex 2.31214 3.56926 5
    endloop
  endfacet
  facet normal -0.290286 -0.95694 -0
    outer loop
      vertex 2.61229 3.47821 5
      vertex 2.31214 3.56926 0
      vertex 2.61229 3.47821 0
    endloop
  endfacet
  facet normal 0.0980042 -0.995186 0
    outer loop
      vertex 1.68785 3.56926 0
      vertex 2 3.6 5
      vertex 1.68785 3.56926 5
    endloop
  endfacet
  facet normal 0.0980042 -0.995186 0
    outer loop
      vertex 2 3.6 5
      vertex 1.68785 3.56926 0
      vertex 2 3.6 0
    endloop
  endfacet
  facet normal 0.471396 0.881922 -0
    outer loop
      vertex 1.38771 0.521792 0
      vertex 1.11109 0.669648 5
      vertex 1.38771 0.521792 5
    endloop
  endfacet
  facet normal 0.471396 0.881922 0
    outer loop
      vertex 1.11109 0.669648 5
      vertex 1.38771 0.521792 0
      vertex 1.11109 0.669648 0
    endloop
  endfacet
  facet normal 0.471405 -0.881917 0
    outer loop
      vertex 1.11109 3.33035 0
      vertex 1.38771 3.47821 5
      vertex 1.11109 3.33035 5
    endloop
  endfacet
  facet normal 0.471405 -0.881917 0
    outer loop
      vertex 1.38771 3.47821 5
      vertex 1.11109 3.33035 0
      vertex 1.38771 3.47821 0
    endloop
  endfacet
  facet normal -0.471396 0.881922 0
    outer loop
      vertex 2.88891 0.669648 0
      vertex 2.61229 0.521792 5
      vertex 2.88891 0.669648 5
    endloop
  endfacet
  facet normal -0.471396 0.881922 0
    outer loop
      vertex 2.61229 0.521792 5
      vertex 2.88891 0.669648 0
      vertex 2.61229 0.521792 0
    endloop
  endfacet
  facet normal 0.773012 -0.634392 0
    outer loop
      vertex 0.669648 2.88891 5
      vertex 0.868629 3.13137 0
      vertex 0.868629 3.13137 5
    endloop
  endfacet
  facet normal 0.773012 -0.634392 0
    outer loop
      vertex 0.868629 3.13137 0
      vertex 0.669648 2.88891 5
      vertex 0.669648 2.88891 0
    endloop
  endfacet
  facet normal -0.773013 -0.63439 0
    outer loop
      vertex 3.33035 2.88891 0
      vertex 3.13137 3.13137 5
      vertex 3.13137 3.13137 0
    endloop
  endfacet
  facet normal -0.773013 -0.63439 0
    outer loop
      vertex 3.13137 3.13137 5
      vertex 3.33035 2.88891 0
      vertex 3.33035 2.88891 5
    endloop
  endfacet
  facet normal -0.773015 0.634388 0
    outer loop
      vertex 3.13137 0.868629 0
      vertex 3.33035 1.11109 5
      vertex 3.33035 1.11109 0
    endloop
  endfacet
  facet normal -0.773015 0.634388 0
    outer loop
      vertex 3.33035 1.11109 5
      vertex 3.13137 0.868629 0
      vertex 3.13137 0.868629 5
    endloop
  endfacet
  facet normal 0.0980137 0.995185 -0
    outer loop
      vertex 2 0.4 0
      vertex 1.68785 0.430743 5
      vertex 2 0.4 5
    endloop
  endfacet
  facet normal 0.0980137 0.995185 0
    outer loop
      vertex 1.68785 0.430743 5
      vertex 2 0.4 0
      vertex 1.68785 0.430743 0
    endloop
  endfacet
  facet normal 0.290295 -0.956937 0
    outer loop
      vertex 1.38771 3.47821 0
      vertex 1.68785 3.56926 5
      vertex 1.38771 3.47821 5
    endloop
  endfacet
  facet normal 0.290295 -0.956937 0
    outer loop
      vertex 1.68785 3.56926 5
      vertex 1.38771 3.47821 0
      vertex 1.68785 3.56926 0
    endloop
  endfacet
  facet normal -0.634392 0.773012 0
    outer loop
      vertex 3.13137 0.868629 0
      vertex 2.88891 0.669648 5
      vertex 3.13137 0.868629 5
    endloop
  endfacet
  facet normal -0.634392 0.773012 0
    outer loop
      vertex 2.88891 0.669648 5
      vertex 3.13137 0.868629 0
      vertex 2.88891 0.669648 0
    endloop
  endfacet
  facet normal -0.995186 0.0980042 0
    outer loop
      vertex 3.56926 1.68785 0
      vertex 3.6 2 5
      vertex 3.6 2 0
    endloop
  endfacet
  facet normal -0.995186 0.0980042 0
    outer loop
      vertex 3.6 2 5
      vertex 3.56926 1.68785 0
      vertex 3.56926 1.68785 5
    endloop
  endfacet
  facet normal 0.290292 0.956938 -0
    outer loop
      vertex 1.68785 0.430743 0
      vertex 1.38771 0.521792 5
      vertex 1.68785 0.430743 5
    endloop
  endfacet
  facet normal 0.290292 0.956938 0
    outer loop
      vertex 1.38771 0.521792 5
      vertex 1.68785 0.430743 0
      vertex 1.38771 0.521792 0
    endloop
  endfacet
  facet normal -0.956937 0.290295 0
    outer loop
      vertex 3.47821 1.38771 0
      vertex 3.56926 1.68785 5
      vertex 3.56926 1.68785 0
    endloop
  endfacet
  facet normal -0.956937 0.290295 0
    outer loop
      vertex 3.56926 1.68785 5
      vertex 3.47821 1.38771 0
      vertex 3.47821 1.38771 5
    endloop
  endfacet
  facet normal 0.956938 0.290292 0
    outer loop
      vertex 0.521792 1.38771 5
      vertex 0.430743 1.68785 0
      vertex 0.430743 1.68785 5
    endloop
  endfacet
  facet normal 0.956938 0.290292 0
    outer loop
      vertex 0.430743 1.68785 0
      vertex 0.521792 1.38771 5
      vertex 0.521792 1.38771 0
    endloop
  endfacet
  facet normal -0.881917 0.471405 0
    outer loop
      vertex 3.33035 1.11109 0
      vertex 3.47821 1.38771 5
      vertex 3.47821 1.38771 0
    endloop
  endfacet
  facet normal -0.881917 0.471405 0
    outer loop
      vertex 3.47821 1.38771 5
      vertex 3.33035 1.11109 0
      vertex 3.33035 1.11109 5
    endloop
  endfacet
  facet normal 0.995185 -0.0980168 0
    outer loop
      vertex 0.4 2 5
      vertex 0.430743 2.31214 0
      vertex 0.430743 2.31214 5
    endloop
  endfacet
  facet normal 0.995185 -0.0980168 0
    outer loop
      vertex 0.430743 2.31214 0
      vertex 0.4 2 5
      vertex 0.4 2 0
    endloop
  endfacet
  facet normal -0.0980073 -0.995186 0
    outer loop
      vertex 2 3.6 0
      vertex 2.31214 3.56926 5
      vertex 2 3.6 5
    endloop
  endfacet
  facet normal -0.0980073 -0.995186 -0
    outer loop
      vertex 2.31214 3.56926 5
      vertex 2 3.6 0
      vertex 2.31214 3.56926 0
    endloop
  endfacet
  facet normal 0.634388 -0.773015 0
    outer loop
      vertex 0.868629 3.13137 0
      vertex 1.11109 3.33035 5
      vertex 0.868629 3.13137 5
    endloop
  endfacet
  facet normal 0.634388 -0.773015 0
    outer loop
      vertex 1.11109 3.33035 5
      vertex 0.868629 3.13137 0
      vertex 1.11109 3.33035 0
    endloop
  endfacet
  facet normal -0.63439 -0.773013 0
    outer loop
      vertex 2.88891 3.33035 0
      vertex 3.13137 3.13137 5
      vertex 2.88891 3.33035 5
    endloop
  endfacet
  facet normal -0.63439 -0.773013 -0
    outer loop
      vertex 3.13137 3.13137 5
      vertex 2.88891 3.33035 0
      vertex 3.13137 3.13137 0
    endloop
  endfacet
  facet normal -0.0980168 0.995185 0
    outer loop
      vertex 2.31214 0.430743 0
      vertex 2 0.4 5
      vertex 2.31214 0.430743 5
    endloop
  endfacet
  facet normal -0.0980168 0.995185 0
    outer loop
      vertex 2 0.4 5
      vertex 2.31214 0.430743 0
      vertex 2 0.4 0
    endloop
  endfacet
  facet normal -0.471405 -0.881917 0
    outer loop
      vertex 2.61229 3.47821 0
      vertex 2.88891 3.33035 5
      vertex 2.61229 3.47821 5
    endloop
  endfacet
  facet normal -0.471405 -0.881917 -0
    outer loop
      vertex 2.88891 3.33035 5
      vertex 2.61229 3.47821 0
      vertex 2.88891 3.33035 0
    endloop
  endfacet
  facet normal 0.773013 0.63439 0
    outer loop
      vertex 0.868629 0.868629 5
      vertex 0.669648 1.11109 0
      vertex 0.669648 1.11109 5
    endloop
  endfacet
  facet normal 0.773013 0.63439 0
    outer loop
      vertex 0.669648 1.11109 0
      vertex 0.868629 0.868629 5
      vertex 0.868629 0.868629 0
    endloop
  endfacet
  facet normal 0.63439 0.773013 -0
    outer loop
      vertex 1.11109 0.669648 0
      vertex 0.868629 0.868629 5
      vertex 1.11109 0.669648 5
    endloop
  endfacet
  facet normal 0.63439 0.773013 0
    outer loop
      vertex 0.868629 0.868629 5
      vertex 1.11109 0.669648 0
      vertex 0.868629 0.868629 0
    endloop
  endfacet
  facet normal 0.956941 -0.290283 0
    outer loop
      vertex 0.430743 2.31214 5
      vertex 0.521792 2.61229 0
      vertex 0.521792 2.61229 5
    endloop
  endfacet
  facet normal 0.956941 -0.290283 0
    outer loop
      vertex 0.521792 2.61229 0
      vertex 0.430743 2.31214 5
      vertex 0.430743 2.31214 0
    endloop
  endfacet
  facet normal 0.881922 -0.471396 0
    outer loop
      vertex 0.521792 2.61229 5
      vertex 0.669648 2.88891 0
      vertex 0.669648 2.88891 5
    endloop
  endfacet
  facet normal 0.881922 -0.471396 0
    outer loop
      vertex 0.669648 2.88891 0
      vertex 0.521792 2.61229 5
      vertex 0.521792 2.61229 0
    endloop
  endfacet
  facet normal 0.995185 0.0980137 0
    outer loop
      vertex 0.430743 1.68785 5
      vertex 0.4 2 0
      vertex 0.4 2 5
    endloop
  endfacet
  facet normal 0.995185 0.0980137 0
    outer loop
      vertex 0.4 2 0
      vertex 0.430743 1.68785 5
      vertex 0.430743 1.68785 0
    endloop
  endfacet
  facet normal -0.0988282 -0.995105 0
    outer loop
      vertex 2 216.4 0
      vertex 2.31214 216.369 5
      vertex 2 216.4 5
    endloop
  endfacet
  facet normal -0.0988282 -0.995105 -0
    outer loop
      vertex 2.31214 216.369 5
      vertex 2 216.4 0
      vertex 2.31214 216.369 0
    endloop
  endfacet
  facet normal -0.9569 -0.290419 0
    outer loop
      vertex 3.56926 215.112 0
      vertex 3.47821 215.412 5
      vertex 3.47821 215.412 0
    endloop
  endfacet
  facet normal -0.9569 -0.290419 0
    outer loop
      vertex 3.47821 215.412 5
      vertex 3.56926 215.112 0
      vertex 3.56926 215.112 5
    endloop
  endfacet
  facet normal -0.995181 -0.0980509 0
    outer loop
      vertex 3.6 214.8 0
      vertex 3.56926 215.112 5
      vertex 3.56926 215.112 0
    endloop
  endfacet
  facet normal -0.995181 -0.0980509 0
    outer loop
      vertex 3.56926 215.112 5
      vertex 3.6 214.8 0
      vertex 3.6 214.8 5
    endloop
  endfacet
  facet normal -0.882185 -0.470902 0
    outer loop
      vertex 3.47821 215.412 0
      vertex 3.33035 215.689 5
      vertex 3.33035 215.689 0
    endloop
  endfacet
  facet normal -0.882185 -0.470902 0
    outer loop
      vertex 3.33035 215.689 5
      vertex 3.47821 215.412 0
      vertex 3.47821 215.412 5
    endloop
  endfacet
  facet normal -0.29014 0.956984 0
    outer loop
      vertex 2.61229 213.322 0
      vertex 2.31214 213.231 5
      vertex 2.61229 213.322 5
    endloop
  endfacet
  facet normal -0.29014 0.956984 0
    outer loop
      vertex 2.31214 213.231 5
      vertex 2.61229 213.322 0
      vertex 2.31214 213.231 0
    endloop
  endfacet
  facet normal -0.995181 0.0980509 0
    outer loop
      vertex 3.56926 214.488 0
      vertex 3.6 214.8 5
      vertex 3.6 214.8 0
    endloop
  endfacet
  facet normal -0.995181 0.0980509 0
    outer loop
      vertex 3.6 214.8 5
      vertex 3.56926 214.488 0
      vertex 3.56926 214.488 5
    endloop
  endfacet
  facet normal 0.634426 -0.772983 0
    outer loop
      vertex 0.868629 215.931 0
      vertex 1.11109 216.13 5
      vertex 0.868629 215.931 5
    endloop
  endfacet
  facet normal 0.634426 -0.772983 0
    outer loop
      vertex 1.11109 216.13 5
      vertex 0.868629 215.931 0
      vertex 1.11109 216.13 0
    endloop
  endfacet
  facet normal -0.772422 -0.63511 0
    outer loop
      vertex 3.33035 215.689 0
      vertex 3.13137 215.931 5
      vertex 3.13137 215.931 0
    endloop
  endfacet
  facet normal -0.772422 -0.63511 0
    outer loop
      vertex 3.13137 215.931 5
      vertex 3.33035 215.689 0
      vertex 3.33035 215.689 5
    endloop
  endfacet
  facet normal 0.290149 -0.956981 0
    outer loop
      vertex 1.38771 216.278 0
      vertex 1.68785 216.369 5
      vertex 1.38771 216.278 5
    endloop
  endfacet
  facet normal 0.290149 -0.956981 0
    outer loop
      vertex 1.68785 216.369 5
      vertex 1.38771 216.278 0
      vertex 1.68785 216.369 0
    endloop
  endfacet
  facet normal 0.471753 -0.881731 0
    outer loop
      vertex 1.11109 216.13 0
      vertex 1.38771 216.278 5
      vertex 1.11109 216.13 5
    endloop
  endfacet
  facet normal 0.471753 -0.881731 0
    outer loop
      vertex 1.38771 216.278 5
      vertex 1.11109 216.13 0
      vertex 1.38771 216.278 0
    endloop
  endfacet
  facet normal -0.634428 0.772982 0
    outer loop
      vertex 3.13137 213.669 0
      vertex 2.88891 213.47 5
      vertex 3.13137 213.669 5
    endloop
  endfacet
  facet normal -0.634428 0.772982 0
    outer loop
      vertex 2.88891 213.47 5
      vertex 3.13137 213.669 0
      vertex 2.88891 213.47 0
    endloop
  endfacet
  facet normal 0.99518 0.0980604 0
    outer loop
      vertex 0.430743 214.488 5
      vertex 0.4 214.8 0
      vertex 0.4 214.8 5
    endloop
  endfacet
  facet normal 0.99518 0.0980604 0
    outer loop
      vertex 0.4 214.8 0
      vertex 0.430743 214.488 5
      vertex 0.430743 214.488 0
    endloop
  endfacet
  facet normal -0.9569 0.290419 0
    outer loop
      vertex 3.47821 214.188 0
      vertex 3.56926 214.488 5
      vertex 3.56926 214.488 0
    endloop
  endfacet
  facet normal -0.9569 0.290419 0
    outer loop
      vertex 3.56926 214.488 5
      vertex 3.47821 214.188 0
      vertex 3.47821 214.188 5
    endloop
  endfacet
  facet normal 0.882191 0.470892 0
    outer loop
      vertex 0.669648 213.911 5
      vertex 0.521792 214.188 0
      vertex 0.521792 214.188 5
    endloop
  endfacet
  facet normal 0.882191 0.470892 0
    outer loop
      vertex 0.521792 214.188 0
      vertex 0.669648 213.911 5
      vertex 0.669648 213.911 0
    endloop
  endfacet
  facet normal -0.471753 -0.881731 0
    outer loop
      vertex 2.61229 216.278 0
      vertex 2.88891 216.13 5
      vertex 2.61229 216.278 5
    endloop
  endfacet
  facet normal -0.471753 -0.881731 -0
    outer loop
      vertex 2.88891 216.13 5
      vertex 2.61229 216.278 0
      vertex 2.88891 216.13 0
    endloop
  endfacet
  facet normal -0.29014 -0.956984 0
    outer loop
      vertex 2.31214 216.369 0
      vertex 2.61229 216.278 5
      vertex 2.31214 216.369 5
    endloop
  endfacet
  facet normal -0.29014 -0.956984 -0
    outer loop
      vertex 2.61229 216.278 5
      vertex 2.31214 216.369 0
      vertex 2.61229 216.278 0
    endloop
  endfacet
  facet normal -0.882185 0.470902 0
    outer loop
      vertex 3.33035 213.911 0
      vertex 3.47821 214.188 5
      vertex 3.47821 214.188 0
    endloop
  endfacet
  facet normal -0.882185 0.470902 0
    outer loop
      vertex 3.47821 214.188 5
      vertex 3.33035 213.911 0
      vertex 3.33035 213.911 5
    endloop
  endfacet
  facet normal 0.9569 -0.290416 0
    outer loop
      vertex 0.430743 215.112 5
      vertex 0.521792 215.412 0
      vertex 0.521792 215.412 5
    endloop
  endfacet
  facet normal 0.9569 -0.290416 0
    outer loop
      vertex 0.521792 215.412 0
      vertex 0.430743 215.112 5
      vertex 0.430743 215.112 0
    endloop
  endfacet
  facet normal 0.634426 0.772983 -0
    outer loop
      vertex 1.11109 213.47 0
      vertex 0.868629 213.669 5
      vertex 1.11109 213.47 5
    endloop
  endfacet
  facet normal 0.634426 0.772983 0
    outer loop
      vertex 0.868629 213.669 5
      vertex 1.11109 213.47 0
      vertex 0.868629 213.669 0
    endloop
  endfacet
  facet normal 0.77242 -0.635112 0
    outer loop
      vertex 0.669648 215.689 5
      vertex 0.868629 215.931 0
      vertex 0.868629 215.931 5
    endloop
  endfacet
  facet normal 0.77242 -0.635112 0
    outer loop
      vertex 0.868629 215.931 0
      vertex 0.669648 215.689 5
      vertex 0.669648 215.689 0
    endloop
  endfacet
  facet normal 0.77242 0.635112 0
    outer loop
      vertex 0.868629 213.669 5
      vertex 0.669648 213.911 0
      vertex 0.669648 213.911 5
    endloop
  endfacet
  facet normal 0.77242 0.635112 0
    outer loop
      vertex 0.669648 213.911 0
      vertex 0.868629 213.669 5
      vertex 0.868629 213.669 0
    endloop
  endfacet
  facet normal -0.634428 -0.772982 0
    outer loop
      vertex 2.88891 216.13 0
      vertex 3.13137 215.931 5
      vertex 2.88891 216.13 5
    endloop
  endfacet
  facet normal -0.634428 -0.772982 -0
    outer loop
      vertex 3.13137 215.931 5
      vertex 2.88891 216.13 0
      vertex 3.13137 215.931 0
    endloop
  endfacet
  facet normal 0.882191 -0.470892 0
    outer loop
      vertex 0.521792 215.412 5
      vertex 0.669648 215.689 0
      vertex 0.669648 215.689 5
    endloop
  endfacet
  facet normal 0.882191 -0.470892 0
    outer loop
      vertex 0.669648 215.689 0
      vertex 0.521792 215.412 5
      vertex 0.521792 215.412 0
    endloop
  endfacet
  facet normal -0.772422 0.63511 0
    outer loop
      vertex 3.13137 213.669 0
      vertex 3.33035 213.911 5
      vertex 3.33035 213.911 0
    endloop
  endfacet
  facet normal -0.772422 0.63511 0
    outer loop
      vertex 3.33035 213.911 5
      vertex 3.13137 213.669 0
      vertex 3.13137 213.669 5
    endloop
  endfacet
  facet normal -0.0988282 0.995105 0
    outer loop
      vertex 2.31214 213.231 0
      vertex 2 213.2 5
      vertex 2.31214 213.231 5
    endloop
  endfacet
  facet normal -0.0988282 0.995105 0
    outer loop
      vertex 2 213.2 5
      vertex 2.31214 213.231 0
      vertex 2 213.2 0
    endloop
  endfacet
  facet normal -0.471753 0.881731 0
    outer loop
      vertex 2.88891 213.47 0
      vertex 2.61229 213.322 5
      vertex 2.88891 213.47 5
    endloop
  endfacet
  facet normal -0.471753 0.881731 0
    outer loop
      vertex 2.61229 213.322 5
      vertex 2.88891 213.47 0
      vertex 2.61229 213.322 0
    endloop
  endfacet
  facet normal 0.99518 -0.0980604 0
    outer loop
      vertex 0.4 214.8 5
      vertex 0.430743 215.112 0
      vertex 0.430743 215.112 5
    endloop
  endfacet
  facet normal 0.99518 -0.0980604 0
    outer loop
      vertex 0.430743 215.112 0
      vertex 0.4 214.8 5
      vertex 0.4 214.8 0
    endloop
  endfacet
  facet normal 0.0988251 -0.995105 0
    outer loop
      vertex 1.68785 216.369 0
      vertex 2 216.4 5
      vertex 1.68785 216.369 5
    endloop
  endfacet
  facet normal 0.0988251 -0.995105 0
    outer loop
      vertex 2 216.4 5
      vertex 1.68785 216.369 0
      vertex 2 216.4 0
    endloop
  endfacet
  facet normal 0.0988251 0.995105 -0
    outer loop
      vertex 2 213.2 0
      vertex 1.68785 213.231 5
      vertex 2 213.2 5
    endloop
  endfacet
  facet normal 0.0988251 0.995105 0
    outer loop
      vertex 1.68785 213.231 5
      vertex 2 213.2 0
      vertex 1.68785 213.231 0
    endloop
  endfacet
  facet normal 0.290149 0.956981 -0
    outer loop
      vertex 1.68785 213.231 0
      vertex 1.38771 213.322 5
      vertex 1.68785 213.231 5
    endloop
  endfacet
  facet normal 0.290149 0.956981 0
    outer loop
      vertex 1.38771 213.322 5
      vertex 1.68785 213.231 0
      vertex 1.38771 213.322 0
    endloop
  endfacet
  facet normal 0.471753 0.881731 -0
    outer loop
      vertex 1.38771 213.322 0
      vertex 1.11109 213.47 5
      vertex 1.38771 213.322 5
    endloop
  endfacet
  facet normal 0.471753 0.881731 0
    outer loop
      vertex 1.11109 213.47 5
      vertex 1.38771 213.322 0
      vertex 1.11109 213.47 0
    endloop
  endfacet
  facet normal 0.9569 0.290416 0
    outer loop
      vertex 0.521792 214.188 5
      vertex 0.430743 214.488 0
      vertex 0.430743 214.488 5
    endloop
  endfacet
  facet normal 0.9569 0.290416 0
    outer loop
      vertex 0.430743 214.488 0
      vertex 0.521792 214.188 5
      vertex 0.521792 214.188 0
    endloop
  endfacet
  facet normal -0 0 1
    outer loop
      vertex 3.33035 213.911 5
      vertex 11.15 209.8 5
      vertex 3.47821 214.188 5
    endloop
  endfacet
  facet normal 0 0 1
    outer loop
      vertex 11.15 7 5
      vertex 3.56926 2.31214 5
      vertex 3.6 2 5
    endloop
  endfacet
  facet normal -0 0 1
    outer loop
      vertex 3.13137 213.669 5
      vertex 11.15 209.8 5
      vertex 3.33035 213.911 5
    endloop
  endfacet
  facet normal 0 0 1
    outer loop
      vertex 11.15 7 5
      vertex 3.47821 2.61229 5
      vertex 3.56926 2.31214 5
    endloop
  endfacet
  facet normal -0 0 1
    outer loop
      vertex 2.88891 213.47 5
      vertex 11.15 209.8 5
      vertex 3.13137 213.669 5
    endloop
  endfacet
  facet normal 0 0 1
    outer loop
      vertex 11.15 7 5
      vertex 3.33035 2.88891 5
      vertex 3.47821 2.61229 5
    endloop
  endfacet
  facet normal -0 0 1
    outer loop
      vertex 2.61229 213.322 5
      vertex 11.15 209.8 5
      vertex 2.88891 213.47 5
    endloop
  endfacet
  facet normal 0 0 1
    outer loop
      vertex 11.15 7 5
      vertex 3.13137 3.13137 5
      vertex 3.33035 2.88891 5
    endloop
  endfacet
  facet normal -0 0 1
    outer loop
      vertex 2.31214 213.231 5
      vertex 11.15 209.8 5
      vertex 2.61229 213.322 5
    endloop
  endfacet
  facet normal 0 0 1
    outer loop
      vertex 11.15 7 5
      vertex 2.88891 3.33035 5
      vertex 3.13137 3.13137 5
    endloop
  endfacet
  facet normal -0 0 1
    outer loop
      vertex 2 213.2 5
      vertex 11.15 209.8 5
      vertex 2.31214 213.231 5
    endloop
  endfacet
  facet normal 0 0 1
    outer loop
      vertex 11.15 7 5
      vertex 2.61229 3.47821 5
      vertex 2.88891 3.33035 5
    endloop
  endfacet
  facet normal 0 0 1
    outer loop
      vertex 1.68785 213.231 5
      vertex 11.15 209.8 5
      vertex 2 213.2 5
    endloop
  endfacet
  facet normal 0 0 1
    outer loop
      vertex 11.15 7 5
      vertex 2.31214 3.56926 5
      vertex 2.61229 3.47821 5
    endloop
  endfacet
  facet normal 0 0 1
    outer loop
      vertex 11.15 209.8 5
      vertex 1.68785 213.231 5
      vertex 11.15 7 5
    endloop
  endfacet
  facet normal 0 0 1
    outer loop
      vertex 11.15 7 5
      vertex 2 3.6 5
      vertex 2.31214 3.56926 5
    endloop
  endfacet
  facet normal 0 0 1
    outer loop
      vertex 1.68785 3.56926 5
      vertex 11.15 7 5
      vertex 1.68785 213.231 5
    endloop
  endfacet
  facet normal 0 0 1
    outer loop
      vertex 11.15 7 5
      vertex 1.68785 3.56926 5
      vertex 2 3.6 5
    endloop
  endfacet
  facet normal 0 0 1
    outer loop
      vertex 1.38771 213.322 5
      vertex 1.68785 3.56926 5
      vertex 1.68785 213.231 5
    endloop
  endfacet
  facet normal 0 0 1
    outer loop
      vertex 1.38771 213.322 5
      vertex 1.38771 3.47821 5
      vertex 1.68785 3.56926 5
    endloop
  endfacet
  facet normal 0 0 1
    outer loop
      vertex 1.11109 213.47 5
      vertex 1.38771 3.47821 5
      vertex 1.38771 213.322 5
    endloop
  endfacet
  facet normal 0 0 1
    outer loop
      vertex 1.11109 213.47 5
      vertex 1.11109 3.33035 5
      vertex 1.38771 3.47821 5
    endloop
  endfacet
  facet normal 0 0 1
    outer loop
      vertex 0.868629 213.669 5
      vertex 1.11109 3.33035 5
      vertex 1.11109 213.47 5
    endloop
  endfacet
  facet normal 0 0 1
    outer loop
      vertex 0.868629 213.669 5
      vertex 0.868629 3.13137 5
      vertex 1.11109 3.33035 5
    endloop
  endfacet
  facet normal 0 0 1
    outer loop
      vertex 0.669648 213.911 5
      vertex 0.868629 3.13137 5
      vertex 0.868629 213.669 5
    endloop
  endfacet
  facet normal 0 0 1
    outer loop
      vertex 0.669648 213.911 5
      vertex 0.669648 2.88891 5
      vertex 0.868629 3.13137 5
    endloop
  endfacet
  facet normal 0 0 1
    outer loop
      vertex 0.521792 214.188 5
      vertex 0.669648 2.88891 5
      vertex 0.669648 213.911 5
    endloop
  endfacet
  facet normal 0 0 1
    outer loop
      vertex 0.521792 214.188 5
      vertex 0.521792 2.61229 5
      vertex 0.669648 2.88891 5
    endloop
  endfacet
  facet normal 0 0 1
    outer loop
      vertex 0.430743 214.488 5
      vertex 0.521792 2.61229 5
      vertex 0.521792 214.188 5
    endloop
  endfacet
  facet normal 0 0 1
    outer loop
      vertex 0.430743 214.488 5
      vertex 0.430743 2.31214 5
      vertex 0.521792 2.61229 5
    endloop
  endfacet
  facet normal 0 0 1
    outer loop
      vertex 0 216.8 5
      vertex 0.430743 214.488 5
      vertex 0.4 214.8 5
    endloop
  endfacet
  facet normal 0 0 1
    outer loop
      vertex 0.430743 214.488 5
      vertex 0 216.8 5
      vertex 0.430743 2.31214 5
    endloop
  endfacet
  facet normal 0 0 1
    outer loop
      vertex 154.35 216.8 5
      vertex 11.15 209.8 5
      vertex 154.35 209.8 5
    endloop
  endfacet
  facet normal -0 0 1
    outer loop
      vertex 3.56926 214.488 5
      vertex 11.15 209.8 5
      vertex 3.6 214.8 5
    endloop
  endfacet
  facet normal -0 0 1
    outer loop
      vertex 3.13137 215.931 5
      vertex 11.15 209.8 5
      vertex 154.35 216.8 5
    endloop
  endfacet
  facet normal 0 0 1
    outer loop
      vertex 11.15 209.8 5
      vertex 3.56926 215.112 5
      vertex 3.6 214.8 5
    endloop
  endfacet
  facet normal 0 0 1
    outer loop
      vertex 11.15 209.8 5
      vertex 3.47821 215.412 5
      vertex 3.56926 215.112 5
    endloop
  endfacet
  facet normal 0 0 1
    outer loop
      vertex 11.15 209.8 5
      vertex 3.33035 215.689 5
      vertex 3.47821 215.412 5
    endloop
  endfacet
  facet normal 0 0 1
    outer loop
      vertex 11.15 209.8 5
      vertex 3.13137 215.931 5
      vertex 3.33035 215.689 5
    endloop
  endfacet
  facet normal 0 0 1
    outer loop
      vertex 154.35 216.8 5
      vertex 2.88891 216.13 5
      vertex 3.13137 215.931 5
    endloop
  endfacet
  facet normal 0 0 1
    outer loop
      vertex 154.35 216.8 5
      vertex 2.61229 216.278 5
      vertex 2.88891 216.13 5
    endloop
  endfacet
  facet normal 0 0 1
    outer loop
      vertex 154.35 216.8 5
      vertex 2.31214 216.369 5
      vertex 2.61229 216.278 5
    endloop
  endfacet
  facet normal -0 0 1
    outer loop
      vertex 0 216.8 5
      vertex 2.31214 216.369 5
      vertex 154.35 216.8 5
    endloop
  endfacet
  facet normal 0 0 1
    outer loop
      vertex 0 0 5
      vertex 0.430743 2.31214 5
      vertex 0 216.8 5
    endloop
  endfacet
  facet normal 0 0 1
    outer loop
      vertex 0.430743 215.112 5
      vertex 0 216.8 5
      vertex 0.4 214.8 5
    endloop
  endfacet
  facet normal 0 0 1
    outer loop
      vertex 0.521792 215.412 5
      vertex 0 216.8 5
      vertex 0.430743 215.112 5
    endloop
  endfacet
  facet normal 0 0 1
    outer loop
      vertex 0.669648 215.689 5
      vertex 0 216.8 5
      vertex 0.521792 215.412 5
    endloop
  endfacet
  facet normal 0 0 1
    outer loop
      vertex 0.868629 215.931 5
      vertex 0 216.8 5
      vertex 0.669648 215.689 5
    endloop
  endfacet
  facet normal 0 0 1
    outer loop
      vertex 1.11109 216.13 5
      vertex 0 216.8 5
      vertex 0.868629 215.931 5
    endloop
  endfacet
  facet normal 0 0 1
    outer loop
      vertex 1.38771 216.278 5
      vertex 0 216.8 5
      vertex 1.11109 216.13 5
    endloop
  endfacet
  facet normal 0 0 1
    outer loop
      vertex 1.68785 216.369 5
      vertex 0 216.8 5
      vertex 1.38771 216.278 5
    endloop
  endfacet
  facet normal 0 0 1
    outer loop
      vertex 2 216.4 5
      vertex 0 216.8 5
      vertex 1.68785 216.369 5
    endloop
  endfacet
  facet normal 0 0 1
    outer loop
      vertex 2.31214 216.369 5
      vertex 0 216.8 5
      vertex 2 216.4 5
    endloop
  endfacet
  facet normal -0 0 1
    outer loop
      vertex 11.15 7 5
      vertex 154.35 0 5
      vertex 154.35 7 5
    endloop
  endfacet
  facet normal -0 0 1
    outer loop
      vertex 3.47821 214.188 5
      vertex 11.15 209.8 5
      vertex 3.56926 214.488 5
    endloop
  endfacet
  facet normal 0 0 1
    outer loop
      vertex 3.56926 1.68785 5
      vertex 11.15 7 5
      vertex 3.6 2 5
    endloop
  endfacet
  facet normal 0 0 1
    outer loop
      vertex 3.47821 1.38771 5
      vertex 11.15 7 5
      vertex 3.56926 1.68785 5
    endloop
  endfacet
  facet normal 0 0 1
    outer loop
      vertex 3.33035 1.11109 5
      vertex 11.15 7 5
      vertex 3.47821 1.38771 5
    endloop
  endfacet
  facet normal 0 0 1
    outer loop
      vertex 3.13137 0.868629 5
      vertex 11.15 7 5
      vertex 3.33035 1.11109 5
    endloop
  endfacet
  facet normal 0 0 1
    outer loop
      vertex 11.15 7 5
      vertex 3.13137 0.868629 5
      vertex 154.35 0 5
    endloop
  endfacet
  facet normal -0 0 1
    outer loop
      vertex 2.88891 0.669648 5
      vertex 154.35 0 5
      vertex 3.13137 0.868629 5
    endloop
  endfacet
  facet normal -0 0 1
    outer loop
      vertex 2.61229 0.521792 5
      vertex 154.35 0 5
      vertex 2.88891 0.669648 5
    endloop
  endfacet
  facet normal -0 0 1
    outer loop
      vertex 2.31214 0.430743 5
      vertex 154.35 0 5
      vertex 2.61229 0.521792 5
    endloop
  endfacet
  facet normal 0 0 1
    outer loop
      vertex 0 0 5
      vertex 2.31214 0.430743 5
      vertex 2 0.4 5
    endloop
  endfacet
  facet normal 0 0 1
    outer loop
      vertex 2.31214 0.430743 5
      vertex 0 0 5
      vertex 154.35 0 5
    endloop
  endfacet
  facet normal 0 0 1
    outer loop
      vertex 1.68785 0.430743 5
      vertex 0 0 5
      vertex 2 0.4 5
    endloop
  endfacet
  facet normal 0 0 1
    outer loop
      vertex 1.38771 0.521792 5
      vertex 0 0 5
      vertex 1.68785 0.430743 5
    endloop
  endfacet
  facet normal 0 0 1
    outer loop
      vertex 1.11109 0.669648 5
      vertex 0 0 5
      vertex 1.38771 0.521792 5
    endloop
  endfacet
  facet normal 0 0 1
    outer loop
      vertex 0.868629 0.868629 5
      vertex 0 0 5
      vertex 1.11109 0.669648 5
    endloop
  endfacet
  facet normal 0 0 1
    outer loop
      vertex 0.669648 1.11109 5
      vertex 0 0 5
      vertex 0.868629 0.868629 5
    endloop
  endfacet
  facet normal 0 0 1
    outer loop
      vertex 0.521792 1.38771 5
      vertex 0 0 5
      vertex 0.669648 1.11109 5
    endloop
  endfacet
  facet normal 0 0 1
    outer loop
      vertex 0.430743 1.68785 5
      vertex 0 0 5
      vertex 0.521792 1.38771 5
    endloop
  endfacet
  facet normal 0 0 1
    outer loop
      vertex 0.4 2 5
      vertex 0 0 5
      vertex 0.430743 1.68785 5
    endloop
  endfacet
  facet normal 0 0 1
    outer loop
      vertex 0.430743 2.31214 5
      vertex 0 0 5
      vertex 0.4 2 5
    endloop
  endfacet
  facet normal 0 0 -1
    outer loop
      vertex 3.33035 2.88891 0
      vertex 11.15 7 0
      vertex 3.47821 2.61229 0
    endloop
  endfacet
  facet normal 0 0 -1
    outer loop
      vertex 11.15 209.8 0
      vertex 3.56926 214.488 0
      vertex 3.6 214.8 0
    endloop
  endfacet
  facet normal 0 0 -1
    outer loop
      vertex 3.13137 3.13137 0
      vertex 11.15 7 0
      vertex 3.33035 2.88891 0
    endloop
  endfacet
  facet normal 0 0 -1
    outer loop
      vertex 11.15 209.8 0
      vertex 3.47821 214.188 0
      vertex 3.56926 214.488 0
    endloop
  endfacet
  facet normal 0 0 -1
    outer loop
      vertex 2.88891 3.33035 0
      vertex 11.15 7 0
      vertex 3.13137 3.13137 0
    endloop
  endfacet
  facet normal 0 0 -1
    outer loop
      vertex 11.15 209.8 0
      vertex 3.33035 213.911 0
      vertex 3.47821 214.188 0
    endloop
  endfacet
  facet normal 0 0 -1
    outer loop
      vertex 2.61229 3.47821 0
      vertex 11.15 7 0
      vertex 2.88891 3.33035 0
    endloop
  endfacet
  facet normal 0 0 -1
    outer loop
      vertex 11.15 209.8 0
      vertex 3.13137 213.669 0
      vertex 3.33035 213.911 0
    endloop
  endfacet
  facet normal 0 0 -1
    outer loop
      vertex 2.31214 3.56926 0
      vertex 11.15 7 0
      vertex 2.61229 3.47821 0
    endloop
  endfacet
  facet normal 0 0 -1
    outer loop
      vertex 11.15 209.8 0
      vertex 2.88891 213.47 0
      vertex 3.13137 213.669 0
    endloop
  endfacet
  facet normal 0 0 -1
    outer loop
      vertex 2 3.6 0
      vertex 11.15 7 0
      vertex 2.31214 3.56926 0
    endloop
  endfacet
  facet normal 0 0 -1
    outer loop
      vertex 11.15 209.8 0
      vertex 2.61229 213.322 0
      vertex 2.88891 213.47 0
    endloop
  endfacet
  facet normal 0 0 -1
    outer loop
      vertex 1.68785 3.56926 0
      vertex 11.15 7 0
      vertex 2 3.6 0
    endloop
  endfacet
  facet normal 0 0 -1
    outer loop
      vertex 11.15 209.8 0
      vertex 2.31214 213.231 0
      vertex 2.61229 213.322 0
    endloop
  endfacet
  facet normal -0 0 -1
    outer loop
      vertex 11.15 7 0
      vertex 1.68785 3.56926 0
      vertex 11.15 209.8 0
    endloop
  endfacet
  facet normal 0 0 -1
    outer loop
      vertex 11.15 209.8 0
      vertex 2 213.2 0
      vertex 2.31214 213.231 0
    endloop
  endfacet
  facet normal 0 0 -1
    outer loop
      vertex 1.68785 213.231 0
      vertex 11.15 209.8 0
      vertex 1.68785 3.56926 0
    endloop
  endfacet
  facet normal 0 0 -1
    outer loop
      vertex 11.15 209.8 0
      vertex 1.68785 213.231 0
      vertex 2 213.2 0
    endloop
  endfacet
  facet normal 0 0 -1
    outer loop
      vertex 1.38771 3.47821 0
      vertex 1.68785 213.231 0
      vertex 1.68785 3.56926 0
    endloop
  endfacet
  facet normal 0 0 -1
    outer loop
      vertex 1.38771 3.47821 0
      vertex 1.38771 213.322 0
      vertex 1.68785 213.231 0
    endloop
  endfacet
  facet normal 0 0 -1
    outer loop
      vertex 1.11109 3.33035 0
      vertex 1.38771 213.322 0
      vertex 1.38771 3.47821 0
    endloop
  endfacet
  facet normal 0 0 -1
    outer loop
      vertex 1.11109 3.33035 0
      vertex 1.11109 213.47 0
      vertex 1.38771 213.322 0
    endloop
  endfacet
  facet normal 0 0 -1
    outer loop
      vertex 0.868629 3.13137 0
      vertex 1.11109 213.47 0
      vertex 1.11109 3.33035 0
    endloop
  endfacet
  facet normal 0 0 -1
    outer loop
      vertex 0.868629 3.13137 0
      vertex 0.868629 213.669 0
      vertex 1.11109 213.47 0
    endloop
  endfacet
  facet normal 0 0 -1
    outer loop
      vertex 0.669648 2.88891 0
      vertex 0.868629 213.669 0
      vertex 0.868629 3.13137 0
    endloop
  endfacet
  facet normal 0 0 -1
    outer loop
      vertex 0.669648 2.88891 0
      vertex 0.669648 213.911 0
      vertex 0.868629 213.669 0
    endloop
  endfacet
  facet normal 0 0 -1
    outer loop
      vertex 0.521792 2.61229 0
      vertex 0.669648 213.911 0
      vertex 0.669648 2.88891 0
    endloop
  endfacet
  facet normal 0 0 -1
    outer loop
      vertex 0.521792 2.61229 0
      vertex 0.521792 214.188 0
      vertex 0.669648 213.911 0
    endloop
  endfacet
  facet normal 0 0 -1
    outer loop
      vertex 0.430743 2.31214 0
      vertex 0.521792 214.188 0
      vertex 0.521792 2.61229 0
    endloop
  endfacet
  facet normal 0 0 -1
    outer loop
      vertex 0.430743 2.31214 0
      vertex 0.430743 214.488 0
      vertex 0.521792 214.188 0
    endloop
  endfacet
  facet normal 0 0 -1
    outer loop
      vertex 0 0 0
      vertex 0.430743 2.31214 0
      vertex 0.4 2 0
    endloop
  endfacet
  facet normal -0 0 -1
    outer loop
      vertex 0.430743 2.31214 0
      vertex 0 0 0
      vertex 0.430743 214.488 0
    endloop
  endfacet
  facet normal 0 0 -1
    outer loop
      vertex 154.35 0 0
      vertex 11.15 7 0
      vertex 154.35 7 0
    endloop
  endfacet
  facet normal 0 0 -1
    outer loop
      vertex 3.56926 2.31214 0
      vertex 11.15 7 0
      vertex 3.6 2 0
    endloop
  endfacet
  facet normal 0 0 -1
    outer loop
      vertex 3.13137 0.868629 0
      vertex 11.15 7 0
      vertex 154.35 0 0
    endloop
  endfacet
  facet normal 0 0 -1
    outer loop
      vertex 11.15 7 0
      vertex 3.56926 1.68785 0
      vertex 3.6 2 0
    endloop
  endfacet
  facet normal 0 0 -1
    outer loop
      vertex 11.15 7 0
      vertex 3.47821 1.38771 0
      vertex 3.56926 1.68785 0
    endloop
  endfacet
  facet normal 0 0 -1
    outer loop
      vertex 11.15 7 0
      vertex 3.33035 1.11109 0
      vertex 3.47821 1.38771 0
    endloop
  endfacet
  facet normal 0 0 -1
    outer loop
      vertex 11.15 7 0
      vertex 3.13137 0.868629 0
      vertex 3.33035 1.11109 0
    endloop
  endfacet
  facet normal 0 0 -1
    outer loop
      vertex 154.35 0 0
      vertex 2.88891 0.669648 0
      vertex 3.13137 0.868629 0
    endloop
  endfacet
  facet normal 0 0 -1
    outer loop
      vertex 154.35 0 0
      vertex 2.61229 0.521792 0
      vertex 2.88891 0.669648 0
    endloop
  endfacet
  facet normal 0 0 -1
    outer loop
      vertex 154.35 0 0
      vertex 2.31214 0.430743 0
      vertex 2.61229 0.521792 0
    endloop
  endfacet
  facet normal 0 0 -1
    outer loop
      vertex 0 0 0
      vertex 2.31214 0.430743 0
      vertex 154.35 0 0
    endloop
  endfacet
  facet normal 0 0 -1
    outer loop
      vertex 0 216.8 0
      vertex 0.430743 214.488 0
      vertex 0 0 0
    endloop
  endfacet
  facet normal -0 0 -1
    outer loop
      vertex 0.430743 1.68785 0
      vertex 0 0 0
      vertex 0.4 2 0
    endloop
  endfacet
  facet normal -0 0 -1
    outer loop
      vertex 0.521792 1.38771 0
      vertex 0 0 0
      vertex 0.430743 1.68785 0
    endloop
  endfacet
  facet normal -0 0 -1
    outer loop
      vertex 0.669648 1.11109 0
      vertex 0 0 0
      vertex 0.521792 1.38771 0
    endloop
  endfacet
  facet normal -0 0 -1
    outer loop
      vertex 0.868629 0.868629 0
      vertex 0 0 0
      vertex 0.669648 1.11109 0
    endloop
  endfacet
  facet normal -0 0 -1
    outer loop
      vertex 1.11109 0.669648 0
      vertex 0 0 0
      vertex 0.868629 0.868629 0
    endloop
  endfacet
  facet normal -0 0 -1
    outer loop
      vertex 1.38771 0.521792 0
      vertex 0 0 0
      vertex 1.11109 0.669648 0
    endloop
  endfacet
  facet normal -0 0 -1
    outer loop
      vertex 1.68785 0.430743 0
      vertex 0 0 0
      vertex 1.38771 0.521792 0
    endloop
  endfacet
  facet normal -0 0 -1
    outer loop
      vertex 2 0.4 0
      vertex 0 0 0
      vertex 1.68785 0.430743 0
    endloop
  endfacet
  facet normal 0 0 -1
    outer loop
      vertex 2.31214 0.430743 0
      vertex 0 0 0
      vertex 2 0.4 0
    endloop
  endfacet
  facet normal 0 0 -1
    outer loop
      vertex 11.15 209.8 0
      vertex 154.35 216.8 0
      vertex 154.35 209.8 0
    endloop
  endfacet
  facet normal 0 0 -1
    outer loop
      vertex 3.47821 2.61229 0
      vertex 11.15 7 0
      vertex 3.56926 2.31214 0
    endloop
  endfacet
  facet normal 0 0 -1
    outer loop
      vertex 3.56926 215.112 0
      vertex 11.15 209.8 0
      vertex 3.6 214.8 0
    endloop
  endfacet
  facet normal 0 0 -1
    outer loop
      vertex 3.47821 215.412 0
      vertex 11.15 209.8 0
      vertex 3.56926 215.112 0
    endloop
  endfacet
  facet normal 0 0 -1
    outer loop
      vertex 3.33035 215.689 0
      vertex 11.15 209.8 0
      vertex 3.47821 215.412 0
    endloop
  endfacet
  facet normal 0 0 -1
    outer loop
      vertex 3.13137 215.931 0
      vertex 11.15 209.8 0
      vertex 3.33035 215.689 0
    endloop
  endfacet
  facet normal 0 0 -1
    outer loop
      vertex 11.15 209.8 0
      vertex 3.13137 215.931 0
      vertex 154.35 216.8 0
    endloop
  endfacet
  facet normal 0 0 -1
    outer loop
      vertex 2.88891 216.13 0
      vertex 154.35 216.8 0
      vertex 3.13137 215.931 0
    endloop
  endfacet
  facet normal 0 0 -1
    outer loop
      vertex 2.61229 216.278 0
      vertex 154.35 216.8 0
      vertex 2.88891 216.13 0
    endloop
  endfacet
  facet normal 0 0 -1
    outer loop
      vertex 2.31214 216.369 0
      vertex 154.35 216.8 0
      vertex 2.61229 216.278 0
    endloop
  endfacet
  facet normal 0 0 -1
    outer loop
      vertex 0 216.8 0
      vertex 2.31214 216.369 0
      vertex 2 216.4 0
    endloop
  endfacet
  facet normal 0 0 -1
    outer loop
      vertex 2.31214 216.369 0
      vertex 0 216.8 0
      vertex 154.35 216.8 0
    endloop
  endfacet
  facet normal 0 0 -1
    outer loop
      vertex 1.68785 216.369 0
      vertex 0 216.8 0
      vertex 2 216.4 0
    endloop
  endfacet
  facet normal 0 0 -1
    outer loop
      vertex 1.38771 216.278 0
      vertex 0 216.8 0
      vertex 1.68785 216.369 0
    endloop
  endfacet
  facet normal 0 0 -1
    outer loop
      vertex 1.11109 216.13 0
      vertex 0 216.8 0
      vertex 1.38771 216.278 0
    endloop
  endfacet
  facet normal 0 0 -1
    outer loop
      vertex 0.868629 215.931 0
      vertex 0 216.8 0
      vertex 1.11109 216.13 0
    endloop
  endfacet
  facet normal 0 0 -1
    outer loop
      vertex 0.669648 215.689 0
      vertex 0 216.8 0
      vertex 0.868629 215.931 0
    endloop
  endfacet
  facet normal 0 0 -1
    outer loop
      vertex 0.521792 215.412 0
      vertex 0 216.8 0
      vertex 0.669648 215.689 0
    endloop
  endfacet
  facet normal 0 0 -1
    outer loop
      vertex 0.430743 215.112 0
      vertex 0 216.8 0
      vertex 0.521792 215.412 0
    endloop
  endfacet
  facet normal 0 0 -1
    outer loop
      vertex 0.4 214.8 0
      vertex 0 216.8 0
      vertex 0.430743 215.112 0
    endloop
  endfacet
  facet normal 0 0 -1
    outer loop
      vertex 0.430743 214.488 0
      vertex 0 216.8 0
      vertex 0.4 214.8 0
    endloop
  endfacet
  facet normal -1 0 0
    outer loop
      vertex 0 0 0
      vertex 0 216.8 5
      vertex 0 216.8 0
    endloop
  endfacet
  facet normal -1 -0 0
    outer loop
      vertex 0 216.8 5
      vertex 0 0 0
      vertex 0 0 5
    endloop
  endfacet
  facet normal 0 1 -0
    outer loop
      vertex 154.35 216.8 0
      vertex 0 216.8 5
      vertex 154.35 216.8 5
    endloop
  endfacet
  facet normal 0 1 0
    outer loop
      vertex 0 216.8 5
      vertex 154.35 216.8 0
      vertex 0 216.8 0
    endloop
  endfacet
  facet normal 0 -1 0
    outer loop
      vertex 0 0 0
      vertex 154.35 0 5
      vertex 0 0 5
    endloop
  endfacet
  facet normal 0 -1 -0
    outer loop
      vertex 154.35 0 5
      vertex 0 0 0
      vertex 154.35 0 0
    endloop
  endfacet
  facet normal 1 -0 0
    outer loop
      vertex 11.15 7 5
      vertex 11.15 209.8 0
      vertex 11.15 209.8 5
    endloop
  endfacet
  facet normal 1 0 0
    outer loop
      vertex 11.15 209.8 0
      vertex 11.15 7 5
      vertex 11.15 7 0
    endloop
  endfacet
  facet normal 0 -1 0
    outer loop
      vertex 11.15 209.8 0
      vertex 154.35 209.8 5
      vertex 11.15 209.8 5
    endloop
  endfacet
  facet normal 0 -1 -0
    outer loop
      vertex 154.35 209.8 5
      vertex 11.15 209.8 0
      vertex 154.35 209.8 0
    endloop
  endfacet
  facet normal 0 1 -0
    outer loop
      vertex 154.35 7 0
      vertex 11.15 7 5
      vertex 154.35 7 5
    endloop
  endfacet
  facet normal 0 1 0
    outer loop
      vertex 11.15 7 5
      vertex 154.35 7 0
      vertex 11.15 7 0
    endloop
  endfacet
  facet normal 1 -0 0
    outer loop
      vertex 154.35 0 5
      vertex 154.35 7 0
      vertex 154.35 7 5
    endloop
  endfacet
  facet normal 1 0 0
    outer loop
      vertex 154.35 7 0
      vertex 154.35 0 5
      vertex 154.35 0 0
    endloop
  endfacet
  facet normal 1 -0 0
    outer loop
      vertex 154.35 209.8 5
      vertex 154.35 216.8 0
      vertex 154.35 216.8 5
    endloop
  endfacet
  facet normal 1 0 0
    outer loop
      vertex 154.35 216.8 0
      vertex 154.35 209.8 5
      vertex 154.35 209.8 0
    endloop
  endfacet
  facet normal 0 0.471411 -0.881913
    outer loop
      vertex 146.34 76.8367 0.190301
      vertex 154.34 77.2689 0.421326
      vertex 154.34 76.8367 0.190301
    endloop
  endfacet
  facet normal 0 0.471411 -0.881913
    outer loop
      vertex 154.34 77.2689 0.421326
      vertex 146.34 76.8367 0.190301
      vertex 146.34 77.2689 0.421326
    endloop
  endfacet
  facet normal 0 0.95692 -0.290353
    outer loop
      vertex 154.34 78.1897 1.54329
      vertex 146.34 78.332 2.01227
      vertex 154.34 78.332 2.01227
    endloop
  endfacet
  facet normal 0 0.95692 -0.290353
    outer loop
      vertex 146.34 78.332 2.01227
      vertex 154.34 78.1897 1.54329
      vertex 146.34 78.1897 1.54329
    endloop
  endfacet
  facet normal 0 0.773016 0.634386
    outer loop
      vertex 154.34 77.9587 3.88893
      vertex 146.34 77.6478 4.26777
      vertex 154.34 77.6478 4.26777
    endloop
  endfacet
  facet normal 0 0.773016 0.634386
    outer loop
      vertex 146.34 77.6478 4.26777
      vertex 154.34 77.9587 3.88893
      vertex 146.34 77.9587 3.88893
    endloop
  endfacet
  facet normal 0 -0.0980219 -0.995184
    outer loop
      vertex 146.34 75.3923 0.0480366
      vertex 154.34 75.88 0
      vertex 154.34 75.3923 0.0480366
    endloop
  endfacet
  facet normal -0 -0.0980219 -0.995184
    outer loop
      vertex 154.34 75.88 0
      vertex 146.34 75.3923 0.0480366
      vertex 146.34 75.88 0
    endloop
  endfacet
  facet normal 0 0.773015 -0.634388
    outer loop
      vertex 154.34 77.6478 0.732232
      vertex 146.34 77.9587 1.11107
      vertex 154.34 77.9587 1.11107
    endloop
  endfacet
  facet normal 0 0.773015 -0.634388
    outer loop
      vertex 146.34 77.9587 1.11107
      vertex 154.34 77.6478 0.732232
      vertex 146.34 77.6478 0.732232
    endloop
  endfacet
  facet normal -0 0.0980287 0.995184
    outer loop
      vertex 146.34 76.3677 4.95196
      vertex 154.34 75.88 5
      vertex 154.34 76.3677 4.95196
    endloop
  endfacet
  facet normal 0 0.0980287 0.995184
    outer loop
      vertex 154.34 75.88 5
      vertex 146.34 76.3677 4.95196
      vertex 146.34 75.88 5
    endloop
  endfacet
  facet normal 0 0.0980219 -0.995184
    outer loop
      vertex 146.34 75.88 0
      vertex 154.34 76.3677 0.0480366
      vertex 154.34 75.88 0
    endloop
  endfacet
  facet normal 0 0.0980219 -0.995184
    outer loop
      vertex 154.34 76.3677 0.0480366
      vertex 146.34 75.88 0
      vertex 146.34 76.3677 0.0480366
    endloop
  endfacet
  facet normal -0 0.634326 0.773066
    outer loop
      vertex 146.34 77.6478 4.26777
      vertex 154.34 77.2689 4.57867
      vertex 154.34 77.6478 4.26777
    endloop
  endfacet
  facet normal 0 0.634326 0.773066
    outer loop
      vertex 154.34 77.2689 4.57867
      vertex 146.34 77.6478 4.26777
      vertex 146.34 77.2689 4.57867
    endloop
  endfacet
  facet normal 0 -0.881944 0.471355
    outer loop
      vertex 146.34 73.5703 3.45671
      vertex 154.34 73.8013 3.88893
      vertex 146.34 73.8013 3.88893
    endloop
  endfacet
  facet normal 0 -0.881944 0.471355
    outer loop
      vertex 154.34 73.8013 3.88893
      vertex 146.34 73.5703 3.45671
      vertex 154.34 73.5703 3.45671
    endloop
  endfacet
  facet normal 1 0 0
    outer loop
      vertex 154.34 78.332 2.98773
      vertex 154.34 78.332 2.01227
      vertex 154.34 78.38 2.5
    endloop
  endfacet
  facet normal 1 0 0
    outer loop
      vertex 154.34 78.1897 3.45671
      vertex 154.34 78.332 2.01227
      vertex 154.34 78.332 2.98773
    endloop
  endfacet
  facet normal 1 0 0
    outer loop
      vertex 154.34 78.1897 3.45671
      vertex 154.34 78.1897 1.54329
      vertex 154.34 78.332 2.01227
    endloop
  endfacet
  facet normal 1 0 0
    outer loop
      vertex 154.34 77.9587 3.88893
      vertex 154.34 78.1897 1.54329
      vertex 154.34 78.1897 3.45671
    endloop
  endfacet
  facet normal 1 0 0
    outer loop
      vertex 154.34 77.9587 3.88893
      vertex 154.34 77.9587 1.11107
      vertex 154.34 78.1897 1.54329
    endloop
  endfacet
  facet normal 1 0 0
    outer loop
      vertex 154.34 77.6478 4.26777
      vertex 154.34 77.9587 1.11107
      vertex 154.34 77.9587 3.88893
    endloop
  endfacet
  facet normal 1 0 0
    outer loop
      vertex 154.34 77.6478 4.26777
      vertex 154.34 77.6478 0.732232
      vertex 154.34 77.9587 1.11107
    endloop
  endfacet
  facet normal 1 0 0
    outer loop
      vertex 154.34 77.2689 4.57867
      vertex 154.34 77.6478 0.732232
      vertex 154.34 77.6478 4.26777
    endloop
  endfacet
  facet normal 1 0 0
    outer loop
      vertex 154.34 77.2689 4.57867
      vertex 154.34 77.2689 0.421326
      vertex 154.34 77.6478 0.732232
    endloop
  endfacet
  facet normal 1 0 0
    outer loop
      vertex 154.34 76.8367 4.8097
      vertex 154.34 77.2689 0.421326
      vertex 154.34 77.2689 4.57867
    endloop
  endfacet
  facet normal 1 0 0
    outer loop
      vertex 154.34 76.8367 4.8097
      vertex 154.34 76.8367 0.190301
      vertex 154.34 77.2689 0.421326
    endloop
  endfacet
  facet normal 1 0 0
    outer loop
      vertex 154.34 76.3677 4.95196
      vertex 154.34 76.8367 0.190301
      vertex 154.34 76.8367 4.8097
    endloop
  endfacet
  facet normal 1 0 0
    outer loop
      vertex 154.34 76.3677 4.95196
      vertex 154.34 76.3677 0.0480366
      vertex 154.34 76.8367 0.190301
    endloop
  endfacet
  facet normal 1 0 0
    outer loop
      vertex 154.34 75.88 5
      vertex 154.34 76.3677 0.0480366
      vertex 154.34 76.3677 4.95196
    endloop
  endfacet
  facet normal 1 0 0
    outer loop
      vertex 154.34 75.88 5
      vertex 154.34 75.88 0
      vertex 154.34 76.3677 0.0480366
    endloop
  endfacet
  facet normal 1 -0 0
    outer loop
      vertex 154.34 75.3923 4.95196
      vertex 154.34 75.88 0
      vertex 154.34 75.88 5
    endloop
  endfacet
  facet normal 1 0 0
    outer loop
      vertex 154.34 75.3923 4.95196
      vertex 154.34 75.3923 0.0480366
      vertex 154.34 75.88 0
    endloop
  endfacet
  facet normal 1 -0 0
    outer loop
      vertex 154.34 74.9233 4.8097
      vertex 154.34 75.3923 0.0480366
      vertex 154.34 75.3923 4.95196
    endloop
  endfacet
  facet normal 1 0 0
    outer loop
      vertex 154.34 74.9233 4.8097
      vertex 154.34 74.9233 0.190301
      vertex 154.34 75.3923 0.0480366
    endloop
  endfacet
  facet normal 1 -0 0
    outer loop
      vertex 154.34 74.4911 4.57867
      vertex 154.34 74.9233 0.190301
      vertex 154.34 74.9233 4.8097
    endloop
  endfacet
  facet normal 1 0 0
    outer loop
      vertex 154.34 74.4911 4.57867
      vertex 154.34 74.4911 0.421326
      vertex 154.34 74.9233 0.190301
    endloop
  endfacet
  facet normal 1 -0 0
    outer loop
      vertex 154.34 74.1122 4.26777
      vertex 154.34 74.4911 0.421326
      vertex 154.34 74.4911 4.57867
    endloop
  endfacet
  facet normal 1 0 0
    outer loop
      vertex 154.34 74.1122 4.26777
      vertex 154.34 74.1122 0.732232
      vertex 154.34 74.4911 0.421326
    endloop
  endfacet
  facet normal 1 -0 0
    outer loop
      vertex 154.34 73.8013 3.88893
      vertex 154.34 74.1122 0.732232
      vertex 154.34 74.1122 4.26777
    endloop
  endfacet
  facet normal 1 0 0
    outer loop
      vertex 154.34 73.8013 3.88893
      vertex 154.34 73.8013 1.11107
      vertex 154.34 74.1122 0.732232
    endloop
  endfacet
  facet normal 1 -0 0
    outer loop
      vertex 154.34 73.5703 3.45671
      vertex 154.34 73.8013 1.11107
      vertex 154.34 73.8013 3.88893
    endloop
  endfacet
  facet normal 1 0 0
    outer loop
      vertex 154.34 73.5703 3.45671
      vertex 154.34 73.5703 1.54329
      vertex 154.34 73.8013 1.11107
    endloop
  endfacet
  facet normal 1 -0 0
    outer loop
      vertex 154.34 73.428 2.98773
      vertex 154.34 73.5703 1.54329
      vertex 154.34 73.5703 3.45671
    endloop
  endfacet
  facet normal 1 0 0
    outer loop
      vertex 154.34 73.428 2.98773
      vertex 154.34 73.428 2.01227
      vertex 154.34 73.5703 1.54329
    endloop
  endfacet
  facet normal 1 0 -0
    outer loop
      vertex 154.34 73.428 2.01227
      vertex 154.34 73.428 2.98773
      vertex 154.34 73.38 2.5
    endloop
  endfacet
  facet normal 0 -0.634333 -0.77306
    outer loop
      vertex 146.34 74.1122 0.732232
      vertex 154.34 74.4911 0.421326
      vertex 154.34 74.1122 0.732232
    endloop
  endfacet
  facet normal -0 -0.634333 -0.77306
    outer loop
      vertex 154.34 74.4911 0.421326
      vertex 146.34 74.1122 0.732232
      vertex 146.34 74.4911 0.421326
    endloop
  endfacet
  facet normal 0 0.634333 -0.77306
    outer loop
      vertex 146.34 77.2689 0.421326
      vertex 154.34 77.6478 0.732232
      vertex 154.34 77.2689 0.421326
    endloop
  endfacet
  facet normal 0 0.634333 -0.77306
    outer loop
      vertex 154.34 77.6478 0.732232
      vertex 146.34 77.2689 0.421326
      vertex 146.34 77.6478 0.732232
    endloop
  endfacet
  facet normal -0 0.290267 0.956946
    outer loop
      vertex 146.34 76.8367 4.8097
      vertex 154.34 76.3677 4.95196
      vertex 154.34 76.8367 4.8097
    endloop
  endfacet
  facet normal 0 0.290267 0.956946
    outer loop
      vertex 154.34 76.3677 4.95196
      vertex 146.34 76.8367 4.8097
      vertex 146.34 76.3677 4.95196
    endloop
  endfacet
  facet normal 0 -0.773015 -0.634388
    outer loop
      vertex 146.34 74.1122 0.732232
      vertex 154.34 73.8013 1.11107
      vertex 146.34 73.8013 1.11107
    endloop
  endfacet
  facet normal 0 -0.773015 -0.634388
    outer loop
      vertex 154.34 73.8013 1.11107
      vertex 146.34 74.1122 0.732232
      vertex 154.34 74.1122 0.732232
    endloop
  endfacet
  facet normal 0 0.995192 -0.0979419
    outer loop
      vertex 154.34 78.332 2.01227
      vertex 146.34 78.38 2.5
      vertex 154.34 78.38 2.5
    endloop
  endfacet
  facet normal 0 0.995192 -0.0979419
    outer loop
      vertex 146.34 78.38 2.5
      vertex 154.34 78.332 2.01227
      vertex 146.34 78.332 2.01227
    endloop
  endfacet
  facet normal 0 -0.95692 0.290353
    outer loop
      vertex 146.34 73.428 2.98773
      vertex 154.34 73.5703 3.45671
      vertex 146.34 73.5703 3.45671
    endloop
  endfacet
  facet normal 0 -0.95692 0.290353
    outer loop
      vertex 154.34 73.5703 3.45671
      vertex 146.34 73.428 2.98773
      vertex 154.34 73.428 2.98773
    endloop
  endfacet
  facet normal 0 -0.290267 0.956946
    outer loop
      vertex 146.34 75.3923 4.95196
      vertex 154.34 74.9233 4.8097
      vertex 154.34 75.3923 4.95196
    endloop
  endfacet
  facet normal 0 -0.290267 0.956946
    outer loop
      vertex 154.34 74.9233 4.8097
      vertex 146.34 75.3923 4.95196
      vertex 146.34 74.9233 4.8097
    endloop
  endfacet
  facet normal 0 -0.290275 -0.956943
    outer loop
      vertex 146.34 74.9233 0.190301
      vertex 154.34 75.3923 0.0480366
      vertex 154.34 74.9233 0.190301
    endloop
  endfacet
  facet normal -0 -0.290275 -0.956943
    outer loop
      vertex 154.34 75.3923 0.0480366
      vertex 146.34 74.9233 0.190301
      vertex 146.34 75.3923 0.0480366
    endloop
  endfacet
  facet normal 0 -0.881944 -0.471355
    outer loop
      vertex 146.34 73.8013 1.11107
      vertex 154.34 73.5703 1.54329
      vertex 146.34 73.5703 1.54329
    endloop
  endfacet
  facet normal 0 -0.881944 -0.471355
    outer loop
      vertex 154.34 73.5703 1.54329
      vertex 146.34 73.8013 1.11107
      vertex 154.34 73.8013 1.11107
    endloop
  endfacet
  facet normal 0 -0.471411 -0.881913
    outer loop
      vertex 146.34 74.4911 0.421326
      vertex 154.34 74.9233 0.190301
      vertex 154.34 74.4911 0.421326
    endloop
  endfacet
  facet normal -0 -0.471411 -0.881913
    outer loop
      vertex 154.34 74.9233 0.190301
      vertex 146.34 74.4911 0.421326
      vertex 146.34 74.9233 0.190301
    endloop
  endfacet
  facet normal 0 0.290275 -0.956943
    outer loop
      vertex 146.34 76.3677 0.0480366
      vertex 154.34 76.8367 0.190301
      vertex 154.34 76.3677 0.0480366
    endloop
  endfacet
  facet normal 0 0.290275 -0.956943
    outer loop
      vertex 154.34 76.8367 0.190301
      vertex 146.34 76.3677 0.0480366
      vertex 146.34 76.8367 0.190301
    endloop
  endfacet
  facet normal 0 0.995192 0.0979419
    outer loop
      vertex 154.34 78.38 2.5
      vertex 146.34 78.332 2.98773
      vertex 154.34 78.332 2.98773
    endloop
  endfacet
  facet normal 0 0.995192 0.0979419
    outer loop
      vertex 146.34 78.332 2.98773
      vertex 154.34 78.38 2.5
      vertex 146.34 78.38 2.5
    endloop
  endfacet
  facet normal 0 -0.95692 -0.290353
    outer loop
      vertex 146.34 73.5703 1.54329
      vertex 154.34 73.428 2.01227
      vertex 146.34 73.428 2.01227
    endloop
  endfacet
  facet normal 0 -0.95692 -0.290353
    outer loop
      vertex 154.34 73.428 2.01227
      vertex 146.34 73.5703 1.54329
      vertex 154.34 73.5703 1.54329
    endloop
  endfacet
  facet normal -0 0.471419 0.881909
    outer loop
      vertex 146.34 77.2689 4.57867
      vertex 154.34 76.8367 4.8097
      vertex 154.34 77.2689 4.57867
    endloop
  endfacet
  facet normal 0 0.471419 0.881909
    outer loop
      vertex 154.34 76.8367 4.8097
      vertex 146.34 77.2689 4.57867
      vertex 146.34 76.8367 4.8097
    endloop
  endfacet
  facet normal 0 0.95692 0.290353
    outer loop
      vertex 154.34 78.332 2.98773
      vertex 146.34 78.1897 3.45671
      vertex 154.34 78.1897 3.45671
    endloop
  endfacet
  facet normal 0 0.95692 0.290353
    outer loop
      vertex 146.34 78.1897 3.45671
      vertex 154.34 78.332 2.98773
      vertex 146.34 78.332 2.98773
    endloop
  endfacet
  facet normal 0 0.881944 0.471355
    outer loop
      vertex 154.34 78.1897 3.45671
      vertex 146.34 77.9587 3.88893
      vertex 154.34 77.9587 3.88893
    endloop
  endfacet
  facet normal 0 0.881944 0.471355
    outer loop
      vertex 146.34 77.9587 3.88893
      vertex 154.34 78.1897 3.45671
      vertex 146.34 78.1897 3.45671
    endloop
  endfacet
  facet normal 0 -0.995192 -0.0979419
    outer loop
      vertex 146.34 73.428 2.01227
      vertex 154.34 73.38 2.5
      vertex 146.34 73.38 2.5
    endloop
  endfacet
  facet normal 0 -0.995192 -0.0979419
    outer loop
      vertex 154.34 73.38 2.5
      vertex 146.34 73.428 2.01227
      vertex 154.34 73.428 2.01227
    endloop
  endfacet
  facet normal -1 0 0
    outer loop
      vertex 146.34 78.332 2.01227
      vertex 146.34 78.332 2.98773
      vertex 146.34 78.38 2.5
    endloop
  endfacet
  facet normal -1 0 0
    outer loop
      vertex 146.34 78.1897 1.54329
      vertex 146.34 78.332 2.98773
      vertex 146.34 78.332 2.01227
    endloop
  endfacet
  facet normal -1 0 0
    outer loop
      vertex 146.34 78.1897 1.54329
      vertex 146.34 78.1897 3.45671
      vertex 146.34 78.332 2.98773
    endloop
  endfacet
  facet normal -1 0 0
    outer loop
      vertex 146.34 77.9587 1.11107
      vertex 146.34 78.1897 3.45671
      vertex 146.34 78.1897 1.54329
    endloop
  endfacet
  facet normal -1 0 0
    outer loop
      vertex 146.34 77.9587 1.11107
      vertex 146.34 77.9587 3.88893
      vertex 146.34 78.1897 3.45671
    endloop
  endfacet
  facet normal -1 0 0
    outer loop
      vertex 146.34 77.6478 0.732232
      vertex 146.34 77.9587 3.88893
      vertex 146.34 77.9587 1.11107
    endloop
  endfacet
  facet normal -1 0 0
    outer loop
      vertex 146.34 77.6478 0.732232
      vertex 146.34 77.6478 4.26777
      vertex 146.34 77.9587 3.88893
    endloop
  endfacet
  facet normal -1 0 0
    outer loop
      vertex 146.34 77.2689 0.421326
      vertex 146.34 77.6478 4.26777
      vertex 146.34 77.6478 0.732232
    endloop
  endfacet
  facet normal -1 0 0
    outer loop
      vertex 146.34 77.2689 0.421326
      vertex 146.34 77.2689 4.57867
      vertex 146.34 77.6478 4.26777
    endloop
  endfacet
  facet normal -1 0 0
    outer loop
      vertex 146.34 76.8367 0.190301
      vertex 146.34 77.2689 4.57867
      vertex 146.34 77.2689 0.421326
    endloop
  endfacet
  facet normal -1 0 0
    outer loop
      vertex 146.34 76.8367 0.190301
      vertex 146.34 76.8367 4.8097
      vertex 146.34 77.2689 4.57867
    endloop
  endfacet
  facet normal -1 0 0
    outer loop
      vertex 146.34 76.3677 0.0480366
      vertex 146.34 76.8367 4.8097
      vertex 146.34 76.8367 0.190301
    endloop
  endfacet
  facet normal -1 0 0
    outer loop
      vertex 146.34 76.3677 0.0480366
      vertex 146.34 76.3677 4.95196
      vertex 146.34 76.8367 4.8097
    endloop
  endfacet
  facet normal -1 0 0
    outer loop
      vertex 146.34 75.88 0
      vertex 146.34 76.3677 4.95196
      vertex 146.34 76.3677 0.0480366
    endloop
  endfacet
  facet normal -1 0 0
    outer loop
      vertex 146.34 75.88 0
      vertex 146.34 75.88 5
      vertex 146.34 76.3677 4.95196
    endloop
  endfacet
  facet normal -1 0 0
    outer loop
      vertex 146.34 75.3923 0.0480366
      vertex 146.34 75.88 5
      vertex 146.34 75.88 0
    endloop
  endfacet
  facet normal -1 0 0
    outer loop
      vertex 146.34 75.3923 0.0480366
      vertex 146.34 75.3923 4.95196
      vertex 146.34 75.88 5
    endloop
  endfacet
  facet normal -1 0 0
    outer loop
      vertex 146.34 74.9233 0.190301
      vertex 146.34 75.3923 4.95196
      vertex 146.34 75.3923 0.0480366
    endloop
  endfacet
  facet normal -1 0 0
    outer loop
      vertex 146.34 74.9233 0.190301
      vertex 146.34 74.9233 4.8097
      vertex 146.34 75.3923 4.95196
    endloop
  endfacet
  facet normal -1 0 0
    outer loop
      vertex 146.34 74.4911 0.421326
      vertex 146.34 74.9233 4.8097
      vertex 146.34 74.9233 0.190301
    endloop
  endfacet
  facet normal -1 0 0
    outer loop
      vertex 146.34 74.4911 0.421326
      vertex 146.34 74.4911 4.57867
      vertex 146.34 74.9233 4.8097
    endloop
  endfacet
  facet normal -1 0 0
    outer loop
      vertex 146.34 74.1122 0.732232
      vertex 146.34 74.4911 4.57867
      vertex 146.34 74.4911 0.421326
    endloop
  endfacet
  facet normal -1 0 0
    outer loop
      vertex 146.34 74.1122 0.732232
      vertex 146.34 74.1122 4.26777
      vertex 146.34 74.4911 4.57867
    endloop
  endfacet
  facet normal -1 0 0
    outer loop
      vertex 146.34 73.8013 1.11107
      vertex 146.34 74.1122 4.26777
      vertex 146.34 74.1122 0.732232
    endloop
  endfacet
  facet normal -1 0 0
    outer loop
      vertex 146.34 73.8013 1.11107
      vertex 146.34 73.8013 3.88893
      vertex 146.34 74.1122 4.26777
    endloop
  endfacet
  facet normal -1 0 0
    outer loop
      vertex 146.34 73.5703 1.54329
      vertex 146.34 73.8013 3.88893
      vertex 146.34 73.8013 1.11107
    endloop
  endfacet
  facet normal -1 0 0
    outer loop
      vertex 146.34 73.5703 1.54329
      vertex 146.34 73.5703 3.45671
      vertex 146.34 73.8013 3.88893
    endloop
  endfacet
  facet normal -1 0 0
    outer loop
      vertex 146.34 73.428 2.01227
      vertex 146.34 73.5703 3.45671
      vertex 146.34 73.5703 1.54329
    endloop
  endfacet
  facet normal -1 0 0
    outer loop
      vertex 146.34 73.428 2.01227
      vertex 146.34 73.428 2.98773
      vertex 146.34 73.5703 3.45671
    endloop
  endfacet
  facet normal -1 0 -0
    outer loop
      vertex 146.34 73.428 2.98773
      vertex 146.34 73.428 2.01227
      vertex 146.34 73.38 2.5
    endloop
  endfacet
  facet normal 0 -0.0980287 0.995184
    outer loop
      vertex 146.34 75.88 5
      vertex 154.34 75.3923 4.95196
      vertex 154.34 75.88 5
    endloop
  endfacet
  facet normal 0 -0.0980287 0.995184
    outer loop
      vertex 154.34 75.3923 4.95196
      vertex 146.34 75.88 5
      vertex 146.34 75.3923 4.95196
    endloop
  endfacet
  facet normal 0 0.881944 -0.471355
    outer loop
      vertex 154.34 77.9587 1.11107
      vertex 146.34 78.1897 1.54329
      vertex 154.34 78.1897 1.54329
    endloop
  endfacet
  facet normal 0 0.881944 -0.471355
    outer loop
      vertex 146.34 78.1897 1.54329
      vertex 154.34 77.9587 1.11107
      vertex 146.34 77.9587 1.11107
    endloop
  endfacet
  facet normal 0 -0.471419 0.881909
    outer loop
      vertex 146.34 74.9233 4.8097
      vertex 154.34 74.4911 4.57867
      vertex 154.34 74.9233 4.8097
    endloop
  endfacet
  facet normal 0 -0.471419 0.881909
    outer loop
      vertex 154.34 74.4911 4.57867
      vertex 146.34 74.9233 4.8097
      vertex 146.34 74.4911 4.57867
    endloop
  endfacet
  facet normal 0 -0.773016 0.634386
    outer loop
      vertex 146.34 73.8013 3.88893
      vertex 154.34 74.1122 4.26777
      vertex 146.34 74.1122 4.26777
    endloop
  endfacet
  facet normal 0 -0.773016 0.634386
    outer loop
      vertex 154.34 74.1122 4.26777
      vertex 146.34 73.8013 3.88893
      vertex 154.34 73.8013 3.88893
    endloop
  endfacet
  facet normal 0 -0.634326 0.773066
    outer loop
      vertex 146.34 74.4911 4.57867
      vertex 154.34 74.1122 4.26777
      vertex 154.34 74.4911 4.57867
    endloop
  endfacet
  facet normal 0 -0.634326 0.773066
    outer loop
      vertex 154.34 74.1122 4.26777
      vertex 146.34 74.4911 4.57867
      vertex 146.34 74.1122 4.26777
    endloop
  endfacet
  facet normal 0 -0.995192 0.0979419
    outer loop
      vertex 146.34 73.38 2.5
      vertex 154.34 73.428 2.98773
      vertex 146.34 73.428 2.98773
    endloop
  endfacet
  facet normal 0 -0.995192 0.0979419
    outer loop
      vertex 154.34 73.428 2.98773
      vertex 146.34 73.38 2.5
      vertex 154.34 73.38 2.5
    endloop
  endfacet
  facet normal 0 0.471581 -0.881823
    outer loop
      vertex 146.34 109.357 0.190301
      vertex 154.34 109.789 0.421326
      vertex 154.34 109.357 0.190301
    endloop
  endfacet
  facet normal 0 0.471581 -0.881823
    outer loop
      vertex 154.34 109.789 0.421326
      vertex 146.34 109.357 0.190301
      vertex 146.34 109.789 0.421326
    endloop
  endfacet
  facet normal 0 0.95709 -0.289792
    outer loop
      vertex 154.34 110.71 1.54329
      vertex 146.34 110.852 2.01227
      vertex 154.34 110.852 2.01227
    endloop
  endfacet
  facet normal 0 0.95709 -0.289792
    outer loop
      vertex 146.34 110.852 2.01227
      vertex 154.34 110.71 1.54329
      vertex 146.34 110.71 1.54329
    endloop
  endfacet
  facet normal 0 -0.471589 0.881818
    outer loop
      vertex 146.34 107.443 4.8097
      vertex 154.34 107.011 4.57867
      vertex 154.34 107.443 4.8097
    endloop
  endfacet
  facet normal 0 -0.471589 0.881818
    outer loop
      vertex 154.34 107.011 4.57867
      vertex 146.34 107.443 4.8097
      vertex 146.34 107.011 4.57867
    endloop
  endfacet
  facet normal 0 0.772916 0.634508
    outer loop
      vertex 154.34 110.479 3.88893
      vertex 146.34 110.168 4.26777
      vertex 154.34 110.168 4.26777
    endloop
  endfacet
  facet normal 0 0.772916 0.634508
    outer loop
      vertex 146.34 110.168 4.26777
      vertex 154.34 110.479 3.88893
      vertex 146.34 110.479 3.88893
    endloop
  endfacet
  facet normal 0 0.0979622 -0.99519
    outer loop
      vertex 146.34 108.4 0
      vertex 154.34 108.888 0.0480366
      vertex 154.34 108.4 0
    endloop
  endfacet
  facet normal 0 0.0979622 -0.99519
    outer loop
      vertex 154.34 108.888 0.0480366
      vertex 146.34 108.4 0
      vertex 146.34 108.888 0.0480366
    endloop
  endfacet
  facet normal 0 0.634233 -0.773142
    outer loop
      vertex 146.34 109.789 0.421326
      vertex 154.34 110.168 0.732232
      vertex 154.34 109.789 0.421326
    endloop
  endfacet
  facet normal 0 0.634233 -0.773142
    outer loop
      vertex 154.34 110.168 0.732232
      vertex 146.34 109.789 0.421326
      vertex 146.34 110.168 0.732232
    endloop
  endfacet
  facet normal 0 -0.995192 0.0979419
    outer loop
      vertex 146.34 105.9 2.5
      vertex 154.34 105.948 2.98773
      vertex 146.34 105.948 2.98773
    endloop
  endfacet
  facet normal 0 -0.995192 0.0979419
    outer loop
      vertex 154.34 105.948 2.98773
      vertex 146.34 105.9 2.5
      vertex 154.34 105.9 2.5
    endloop
  endfacet
  facet normal -1 0 0
    outer loop
      vertex 146.34 110.852 2.01227
      vertex 146.34 110.852 2.98773
      vertex 146.34 110.9 2.5
    endloop
  endfacet
  facet normal -1 0 0
    outer loop
      vertex 146.34 110.71 1.54329
      vertex 146.34 110.852 2.98773
      vertex 146.34 110.852 2.01227
    endloop
  endfacet
  facet normal -1 0 0
    outer loop
      vertex 146.34 110.71 1.54329
      vertex 146.34 110.71 3.45671
      vertex 146.34 110.852 2.98773
    endloop
  endfacet
  facet normal -1 0 0
    outer loop
      vertex 146.34 110.479 1.11107
      vertex 146.34 110.71 3.45671
      vertex 146.34 110.71 1.54329
    endloop
  endfacet
  facet normal -1 0 0
    outer loop
      vertex 146.34 110.479 1.11107
      vertex 146.34 110.479 3.88893
      vertex 146.34 110.71 3.45671
    endloop
  endfacet
  facet normal -1 0 0
    outer loop
      vertex 146.34 110.168 0.732232
      vertex 146.34 110.479 3.88893
      vertex 146.34 110.479 1.11107
    endloop
  endfacet
  facet normal -1 0 0
    outer loop
      vertex 146.34 110.168 0.732232
      vertex 146.34 110.168 4.26777
      vertex 146.34 110.479 3.88893
    endloop
  endfacet
  facet normal -1 0 0
    outer loop
      vertex 146.34 109.789 0.421326
      vertex 146.34 110.168 4.26777
      vertex 146.34 110.168 0.732232
    endloop
  endfacet
  facet normal -1 0 0
    outer loop
      vertex 146.34 109.789 0.421326
      vertex 146.34 109.789 4.57867
      vertex 146.34 110.168 4.26777
    endloop
  endfacet
  facet normal -1 0 0
    outer loop
      vertex 146.34 109.357 0.190301
      vertex 146.34 109.789 4.57867
      vertex 146.34 109.789 0.421326
    endloop
  endfacet
  facet normal -1 0 0
    outer loop
      vertex 146.34 109.357 0.190301
      vertex 146.34 109.357 4.8097
      vertex 146.34 109.789 4.57867
    endloop
  endfacet
  facet normal -1 0 0
    outer loop
      vertex 146.34 108.888 0.0480366
      vertex 146.34 109.357 4.8097
      vertex 146.34 109.357 0.190301
    endloop
  endfacet
  facet normal -1 0 0
    outer loop
      vertex 146.34 108.888 0.0480366
      vertex 146.34 108.888 4.95196
      vertex 146.34 109.357 4.8097
    endloop
  endfacet
  facet normal -1 0 0
    outer loop
      vertex 146.34 108.4 0
      vertex 146.34 108.888 4.95196
      vertex 146.34 108.888 0.0480366
    endloop
  endfacet
  facet normal -1 0 0
    outer loop
      vertex 146.34 108.4 0
      vertex 146.34 108.4 5
      vertex 146.34 108.888 4.95196
    endloop
  endfacet
  facet normal -1 0 0
    outer loop
      vertex 146.34 107.912 0.0480366
      vertex 146.34 108.4 5
      vertex 146.34 108.4 0
    endloop
  endfacet
  facet normal -1 0 0
    outer loop
      vertex 146.34 107.912 0.0480366
      vertex 146.34 107.912 4.95196
      vertex 146.34 108.4 5
    endloop
  endfacet
  facet normal -1 0 0
    outer loop
      vertex 146.34 107.443 0.190301
      vertex 146.34 107.912 4.95196
      vertex 146.34 107.912 0.0480366
    endloop
  endfacet
  facet normal -1 0 0
    outer loop
      vertex 146.34 107.443 0.190301
      vertex 146.34 107.443 4.8097
      vertex 146.34 107.912 4.95196
    endloop
  endfacet
  facet normal -1 0 0
    outer loop
      vertex 146.34 107.011 0.421326
      vertex 146.34 107.443 4.8097
      vertex 146.34 107.443 0.190301
    endloop
  endfacet
  facet normal -1 0 0
    outer loop
      vertex 146.34 107.011 0.421326
      vertex 146.34 107.011 4.57867
      vertex 146.34 107.443 4.8097
    endloop
  endfacet
  facet normal -1 0 0
    outer loop
      vertex 146.34 106.632 0.732232
      vertex 146.34 107.011 4.57867
      vertex 146.34 107.011 0.421326
    endloop
  endfacet
  facet normal -1 0 0
    outer loop
      vertex 146.34 106.632 0.732232
      vertex 146.34 106.632 4.26777
      vertex 146.34 107.011 4.57867
    endloop
  endfacet
  facet normal -1 0 0
    outer loop
      vertex 146.34 106.321 1.11107
      vertex 146.34 106.632 4.26777
      vertex 146.34 106.632 0.732232
    endloop
  endfacet
  facet normal -1 0 0
    outer loop
      vertex 146.34 106.321 1.11107
      vertex 146.34 106.321 3.88893
      vertex 146.34 106.632 4.26777
    endloop
  endfacet
  facet normal -1 0 0
    outer loop
      vertex 146.34 106.09 1.54329
      vertex 146.34 106.321 3.88893
      vertex 146.34 106.321 1.11107
    endloop
  endfacet
  facet normal -1 0 0
    outer loop
      vertex 146.34 106.09 1.54329
      vertex 146.34 106.09 3.45671
      vertex 146.34 106.321 3.88893
    endloop
  endfacet
  facet normal -1 0 0
    outer loop
      vertex 146.34 105.948 2.01227
      vertex 146.34 106.09 3.45671
      vertex 146.34 106.09 1.54329
    endloop
  endfacet
  facet normal -1 0 0
    outer loop
      vertex 146.34 105.948 2.01227
      vertex 146.34 105.948 2.98773
      vertex 146.34 106.09 3.45671
    endloop
  endfacet
  facet normal -1 0 -0
    outer loop
      vertex 146.34 105.948 2.98773
      vertex 146.34 105.948 2.01227
      vertex 146.34 105.9 2.5
    endloop
  endfacet
  facet normal 0 0.95709 0.289792
    outer loop
      vertex 154.34 110.852 2.98773
      vertex 146.34 110.71 3.45671
      vertex 154.34 110.71 3.45671
    endloop
  endfacet
  facet normal 0 0.95709 0.289792
    outer loop
      vertex 146.34 110.71 3.45671
      vertex 154.34 110.852 2.98773
      vertex 146.34 110.852 2.98773
    endloop
  endfacet
  facet normal 0 -0.881944 0.471355
    outer loop
      vertex 146.34 106.09 3.45671
      vertex 154.34 106.321 3.88893
      vertex 146.34 106.321 3.88893
    endloop
  endfacet
  facet normal 0 -0.881944 0.471355
    outer loop
      vertex 154.34 106.321 3.88893
      vertex 146.34 106.09 3.45671
      vertex 154.34 106.09 3.45671
    endloop
  endfacet
  facet normal 0 -0.0979622 -0.99519
    outer loop
      vertex 146.34 107.912 0.0480366
      vertex 154.34 108.4 0
      vertex 154.34 107.912 0.0480366
    endloop
  endfacet
  facet normal -0 -0.0979622 -0.99519
    outer loop
      vertex 154.34 108.4 0
      vertex 146.34 107.912 0.0480366
      vertex 146.34 108.4 0
    endloop
  endfacet
  facet normal 1 0 0
    outer loop
      vertex 154.34 110.852 2.98773
      vertex 154.34 110.852 2.01227
      vertex 154.34 110.9 2.5
    endloop
  endfacet
  facet normal 1 0 0
    outer loop
      vertex 154.34 110.71 3.45671
      vertex 154.34 110.852 2.01227
      vertex 154.34 110.852 2.98773
    endloop
  endfacet
  facet normal 1 0 0
    outer loop
      vertex 154.34 110.71 3.45671
      vertex 154.34 110.71 1.54329
      vertex 154.34 110.852 2.01227
    endloop
  endfacet
  facet normal 1 0 0
    outer loop
      vertex 154.34 110.479 3.88893
      vertex 154.34 110.71 1.54329
      vertex 154.34 110.71 3.45671
    endloop
  endfacet
  facet normal 1 0 0
    outer loop
      vertex 154.34 110.479 3.88893
      vertex 154.34 110.479 1.11107
      vertex 154.34 110.71 1.54329
    endloop
  endfacet
  facet normal 1 0 0
    outer loop
      vertex 154.34 110.168 4.26777
      vertex 154.34 110.479 1.11107
      vertex 154.34 110.479 3.88893
    endloop
  endfacet
  facet normal 1 0 0
    outer loop
      vertex 154.34 110.168 4.26777
      vertex 154.34 110.168 0.732232
      vertex 154.34 110.479 1.11107
    endloop
  endfacet
  facet normal 1 0 0
    outer loop
      vertex 154.34 109.789 4.57867
      vertex 154.34 110.168 0.732232
      vertex 154.34 110.168 4.26777
    endloop
  endfacet
  facet normal 1 0 0
    outer loop
      vertex 154.34 109.789 4.57867
      vertex 154.34 109.789 0.421326
      vertex 154.34 110.168 0.732232
    endloop
  endfacet
  facet normal 1 0 0
    outer loop
      vertex 154.34 109.357 4.8097
      vertex 154.34 109.789 0.421326
      vertex 154.34 109.789 4.57867
    endloop
  endfacet
  facet normal 1 0 0
    outer loop
      vertex 154.34 109.357 4.8097
      vertex 154.34 109.357 0.190301
      vertex 154.34 109.789 0.421326
    endloop
  endfacet
  facet normal 1 0 0
    outer loop
      vertex 154.34 108.888 4.95196
      vertex 154.34 109.357 0.190301
      vertex 154.34 109.357 4.8097
    endloop
  endfacet
  facet normal 1 0 0
    outer loop
      vertex 154.34 108.888 4.95196
      vertex 154.34 108.888 0.0480366
      vertex 154.34 109.357 0.190301
    endloop
  endfacet
  facet normal 1 0 0
    outer loop
      vertex 154.34 108.4 5
      vertex 154.34 108.888 0.0480366
      vertex 154.34 108.888 4.95196
    endloop
  endfacet
  facet normal 1 0 0
    outer loop
      vertex 154.34 108.4 5
      vertex 154.34 108.4 0
      vertex 154.34 108.888 0.0480366
    endloop
  endfacet
  facet normal 1 -0 0
    outer loop
      vertex 154.34 107.912 4.95196
      vertex 154.34 108.4 0
      vertex 154.34 108.4 5
    endloop
  endfacet
  facet normal 1 0 0
    outer loop
      vertex 154.34 107.912 4.95196
      vertex 154.34 107.912 0.0480366
      vertex 154.34 108.4 0
    endloop
  endfacet
  facet normal 1 -0 0
    outer loop
      vertex 154.34 107.443 4.8097
      vertex 154.34 107.912 0.0480366
      vertex 154.34 107.912 4.95196
    endloop
  endfacet
  facet normal 1 0 0
    outer loop
      vertex 154.34 107.443 4.8097
      vertex 154.34 107.443 0.190301
      vertex 154.34 107.912 0.0480366
    endloop
  endfacet
  facet normal 1 -0 0
    outer loop
      vertex 154.34 107.011 4.57867
      vertex 154.34 107.443 0.190301
      vertex 154.34 107.443 4.8097
    endloop
  endfacet
  facet normal 1 0 0
    outer loop
      vertex 154.34 107.011 4.57867
      vertex 154.34 107.011 0.421326
      vertex 154.34 107.443 0.190301
    endloop
  endfacet
  facet normal 1 -0 0
    outer loop
      vertex 154.34 106.632 4.26777
      vertex 154.34 107.011 0.421326
      vertex 154.34 107.011 4.57867
    endloop
  endfacet
  facet normal 1 0 0
    outer loop
      vertex 154.34 106.632 4.26777
      vertex 154.34 106.632 0.732232
      vertex 154.34 107.011 0.421326
    endloop
  endfacet
  facet normal 1 -0 0
    outer loop
      vertex 154.34 106.321 3.88893
      vertex 154.34 106.632 0.732232
      vertex 154.34 106.632 4.26777
    endloop
  endfacet
  facet normal 1 0 0
    outer loop
      vertex 154.34 106.321 3.88893
      vertex 154.34 106.321 1.11107
      vertex 154.34 106.632 0.732232
    endloop
  endfacet
  facet normal 1 -0 0
    outer loop
      vertex 154.34 106.09 3.45671
      vertex 154.34 106.321 1.11107
      vertex 154.34 106.321 3.88893
    endloop
  endfacet
  facet normal 1 0 0
    outer loop
      vertex 154.34 106.09 3.45671
      vertex 154.34 106.09 1.54329
      vertex 154.34 106.321 1.11107
    endloop
  endfacet
  facet normal 1 -0 0
    outer loop
      vertex 154.34 105.948 2.98773
      vertex 154.34 106.09 1.54329
      vertex 154.34 106.09 3.45671
    endloop
  endfacet
  facet normal 1 0 0
    outer loop
      vertex 154.34 105.948 2.98773
      vertex 154.34 105.948 2.01227
      vertex 154.34 106.09 1.54329
    endloop
  endfacet
  facet normal 1 0 -0
    outer loop
      vertex 154.34 105.948 2.01227
      vertex 154.34 105.948 2.98773
      vertex 154.34 105.9 2.5
    endloop
  endfacet
  facet normal 0 0.881944 0.471355
    outer loop
      vertex 154.34 110.71 3.45671
      vertex 146.34 110.479 3.88893
      vertex 154.34 110.479 3.88893
    endloop
  endfacet
  facet normal 0 0.881944 0.471355
    outer loop
      vertex 146.34 110.479 3.88893
      vertex 154.34 110.71 3.45671
      vertex 146.34 110.71 3.45671
    endloop
  endfacet
  facet normal 0 -0.772915 -0.63451
    outer loop
      vertex 146.34 106.632 0.732232
      vertex 154.34 106.321 1.11107
      vertex 146.34 106.321 1.11107
    endloop
  endfacet
  facet normal 0 -0.772915 -0.63451
    outer loop
      vertex 154.34 106.321 1.11107
      vertex 146.34 106.632 0.732232
      vertex 154.34 106.632 0.732232
    endloop
  endfacet
  facet normal 0 -0.290275 -0.956943
    outer loop
      vertex 146.34 107.443 0.190301
      vertex 154.34 107.912 0.0480366
      vertex 154.34 107.443 0.190301
    endloop
  endfacet
  facet normal -0 -0.290275 -0.956943
    outer loop
      vertex 154.34 107.912 0.0480366
      vertex 146.34 107.443 0.190301
      vertex 146.34 107.912 0.0480366
    endloop
  endfacet
  facet normal -0 0.0979691 0.995189
    outer loop
      vertex 146.34 108.888 4.95196
      vertex 154.34 108.4 5
      vertex 154.34 108.888 4.95196
    endloop
  endfacet
  facet normal 0 0.0979691 0.995189
    outer loop
      vertex 154.34 108.4 5
      vertex 146.34 108.888 4.95196
      vertex 146.34 108.4 5
    endloop
  endfacet
  facet normal 0 0.290275 -0.956943
    outer loop
      vertex 146.34 108.888 0.0480366
      vertex 154.34 109.357 0.190301
      vertex 154.34 108.888 0.0480366
    endloop
  endfacet
  facet normal 0 0.290275 -0.956943
    outer loop
      vertex 154.34 109.357 0.190301
      vertex 146.34 108.888 0.0480366
      vertex 146.34 109.357 0.190301
    endloop
  endfacet
  facet normal 0 0.995192 -0.0979419
    outer loop
      vertex 154.34 110.852 2.01227
      vertex 146.34 110.9 2.5
      vertex 154.34 110.9 2.5
    endloop
  endfacet
  facet normal 0 0.995192 -0.0979419
    outer loop
      vertex 146.34 110.9 2.5
      vertex 154.34 110.852 2.01227
      vertex 146.34 110.852 2.01227
    endloop
  endfacet
  facet normal 0 -0.471581 -0.881823
    outer loop
      vertex 146.34 107.011 0.421326
      vertex 154.34 107.443 0.190301
      vertex 154.34 107.011 0.421326
    endloop
  endfacet
  facet normal -0 -0.471581 -0.881823
    outer loop
      vertex 154.34 107.443 0.190301
      vertex 146.34 107.011 0.421326
      vertex 146.34 107.443 0.190301
    endloop
  endfacet
  facet normal 0 -0.634233 -0.773142
    outer loop
      vertex 146.34 106.632 0.732232
      vertex 154.34 107.011 0.421326
      vertex 154.34 106.632 0.732232
    endloop
  endfacet
  facet normal -0 -0.634233 -0.773142
    outer loop
      vertex 154.34 107.011 0.421326
      vertex 146.34 106.632 0.732232
      vertex 146.34 107.011 0.421326
    endloop
  endfacet
  facet normal -0 0.290267 0.956946
    outer loop
      vertex 146.34 109.357 4.8097
      vertex 154.34 108.888 4.95196
      vertex 154.34 109.357 4.8097
    endloop
  endfacet
  facet normal 0 0.290267 0.956946
    outer loop
      vertex 154.34 108.888 4.95196
      vertex 146.34 109.357 4.8097
      vertex 146.34 108.888 4.95196
    endloop
  endfacet
  facet normal 0 -0.95709 -0.289792
    outer loop
      vertex 146.34 106.09 1.54329
      vertex 154.34 105.948 2.01227
      vertex 146.34 105.948 2.01227
    endloop
  endfacet
  facet normal 0 -0.95709 -0.289792
    outer loop
      vertex 154.34 105.948 2.01227
      vertex 146.34 106.09 1.54329
      vertex 154.34 106.09 1.54329
    endloop
  endfacet
  facet normal 0 -0.881944 -0.471355
    outer loop
      vertex 146.34 106.321 1.11107
      vertex 154.34 106.09 1.54329
      vertex 146.34 106.09 1.54329
    endloop
  endfacet
  facet normal 0 -0.881944 -0.471355
    outer loop
      vertex 154.34 106.09 1.54329
      vertex 146.34 106.321 1.11107
      vertex 154.34 106.321 1.11107
    endloop
  endfacet
  facet normal 0 0.772915 -0.63451
    outer loop
      vertex 154.34 110.168 0.732232
      vertex 146.34 110.479 1.11107
      vertex 154.34 110.479 1.11107
    endloop
  endfacet
  facet normal 0 0.772915 -0.63451
    outer loop
      vertex 146.34 110.479 1.11107
      vertex 154.34 110.168 0.732232
      vertex 146.34 110.168 0.732232
    endloop
  endfacet
  facet normal 0 -0.995192 -0.0979419
    outer loop
      vertex 146.34 105.948 2.01227
      vertex 154.34 105.9 2.5
      vertex 146.34 105.9 2.5
    endloop
  endfacet
  facet normal 0 -0.995192 -0.0979419
    outer loop
      vertex 154.34 105.9 2.5
      vertex 146.34 105.948 2.01227
      vertex 154.34 105.948 2.01227
    endloop
  endfacet
  facet normal 0 0.881944 -0.471355
    outer loop
      vertex 154.34 110.479 1.11107
      vertex 146.34 110.71 1.54329
      vertex 154.34 110.71 1.54329
    endloop
  endfacet
  facet normal 0 0.881944 -0.471355
    outer loop
      vertex 146.34 110.71 1.54329
      vertex 154.34 110.479 1.11107
      vertex 146.34 110.479 1.11107
    endloop
  endfacet
  facet normal 0 -0.95709 0.289792
    outer loop
      vertex 146.34 105.948 2.98773
      vertex 154.34 106.09 3.45671
      vertex 146.34 106.09 3.45671
    endloop
  endfacet
  facet normal 0 -0.95709 0.289792
    outer loop
      vertex 154.34 106.09 3.45671
      vertex 146.34 105.948 2.98773
      vertex 154.34 105.948 2.98773
    endloop
  endfacet
  facet normal 0 -0.0979691 0.995189
    outer loop
      vertex 146.34 108.4 5
      vertex 154.34 107.912 4.95196
      vertex 154.34 108.4 5
    endloop
  endfacet
  facet normal 0 -0.0979691 0.995189
    outer loop
      vertex 154.34 107.912 4.95196
      vertex 146.34 108.4 5
      vertex 146.34 107.912 4.95196
    endloop
  endfacet
  facet normal -0 0.634226 0.773148
    outer loop
      vertex 146.34 110.168 4.26777
      vertex 154.34 109.789 4.57867
      vertex 154.34 110.168 4.26777
    endloop
  endfacet
  facet normal 0 0.634226 0.773148
    outer loop
      vertex 154.34 109.789 4.57867
      vertex 146.34 110.168 4.26777
      vertex 146.34 109.789 4.57867
    endloop
  endfacet
  facet normal 0 -0.772916 0.634508
    outer loop
      vertex 146.34 106.321 3.88893
      vertex 154.34 106.632 4.26777
      vertex 146.34 106.632 4.26777
    endloop
  endfacet
  facet normal 0 -0.772916 0.634508
    outer loop
      vertex 154.34 106.632 4.26777
      vertex 146.34 106.321 3.88893
      vertex 154.34 106.321 3.88893
    endloop
  endfacet
  facet normal -0 0.471589 0.881818
    outer loop
      vertex 146.34 109.789 4.57867
      vertex 154.34 109.357 4.8097
      vertex 154.34 109.789 4.57867
    endloop
  endfacet
  facet normal 0 0.471589 0.881818
    outer loop
      vertex 154.34 109.357 4.8097
      vertex 146.34 109.789 4.57867
      vertex 146.34 109.357 4.8097
    endloop
  endfacet
  facet normal 0 -0.634226 0.773148
    outer loop
      vertex 146.34 107.011 4.57867
      vertex 154.34 106.632 4.26777
      vertex 154.34 107.011 4.57867
    endloop
  endfacet
  facet normal 0 -0.634226 0.773148
    outer loop
      vertex 154.34 106.632 4.26777
      vertex 146.34 107.011 4.57867
      vertex 146.34 106.632 4.26777
    endloop
  endfacet
  facet normal 0 0.995192 0.0979419
    outer loop
      vertex 154.34 110.9 2.5
      vertex 146.34 110.852 2.98773
      vertex 154.34 110.852 2.98773
    endloop
  endfacet
  facet normal 0 0.995192 0.0979419
    outer loop
      vertex 146.34 110.852 2.98773
      vertex 154.34 110.9 2.5
      vertex 146.34 110.9 2.5
    endloop
  endfacet
  facet normal 0 -0.290267 0.956946
    outer loop
      vertex 146.34 107.912 4.95196
      vertex 154.34 107.443 4.8097
      vertex 154.34 107.912 4.95196
    endloop
  endfacet
  facet normal 0 -0.290267 0.956946
    outer loop
      vertex 154.34 107.443 4.8097
      vertex 146.34 107.912 4.95196
      vertex 146.34 107.443 4.8097
    endloop
  endfacet
  facet normal 0 0.471581 -0.881823
    outer loop
      vertex 146.34 141.877 0.190301
      vertex 154.34 142.309 0.421326
      vertex 154.34 141.877 0.190301
    endloop
  endfacet
  facet normal 0 0.471581 -0.881823
    outer loop
      vertex 154.34 142.309 0.421326
      vertex 146.34 141.877 0.190301
      vertex 146.34 142.309 0.421326
    endloop
  endfacet
  facet normal 0 0.95709 -0.289792
    outer loop
      vertex 154.34 143.23 1.54329
      vertex 146.34 143.372 2.01227
      vertex 154.34 143.372 2.01227
    endloop
  endfacet
  facet normal 0 0.95709 -0.289792
    outer loop
      vertex 146.34 143.372 2.01227
      vertex 154.34 143.23 1.54329
      vertex 146.34 143.23 1.54329
    endloop
  endfacet
  facet normal 0 0.772916 0.634508
    outer loop
      vertex 154.34 142.999 3.88893
      vertex 146.34 142.688 4.26777
      vertex 154.34 142.688 4.26777
    endloop
  endfacet
  facet normal 0 0.772916 0.634508
    outer loop
      vertex 146.34 142.688 4.26777
      vertex 154.34 142.999 3.88893
      vertex 146.34 142.999 3.88893
    endloop
  endfacet
  facet normal 0 -0.0979622 -0.99519
    outer loop
      vertex 146.34 140.432 0.0480366
      vertex 154.34 140.92 0
      vertex 154.34 140.432 0.0480366
    endloop
  endfacet
  facet normal -0 -0.0979622 -0.99519
    outer loop
      vertex 154.34 140.92 0
      vertex 146.34 140.432 0.0480366
      vertex 146.34 140.92 0
    endloop
  endfacet
  facet normal 0 0.772915 -0.63451
    outer loop
      vertex 154.34 142.688 0.732232
      vertex 146.34 142.999 1.11107
      vertex 154.34 142.999 1.11107
    endloop
  endfacet
  facet normal 0 0.772915 -0.63451
    outer loop
      vertex 146.34 142.999 1.11107
      vertex 154.34 142.688 0.732232
      vertex 146.34 142.688 0.732232
    endloop
  endfacet
  facet normal -0 0.0979691 0.995189
    outer loop
      vertex 146.34 141.408 4.95196
      vertex 154.34 140.92 5
      vertex 154.34 141.408 4.95196
    endloop
  endfacet
  facet normal 0 0.0979691 0.995189
    outer loop
      vertex 154.34 140.92 5
      vertex 146.34 141.408 4.95196
      vertex 146.34 140.92 5
    endloop
  endfacet
  facet normal 0 0.0979622 -0.99519
    outer loop
      vertex 146.34 140.92 0
      vertex 154.34 141.408 0.0480366
      vertex 154.34 140.92 0
    endloop
  endfacet
  facet normal 0 0.0979622 -0.99519
    outer loop
      vertex 154.34 141.408 0.0480366
      vertex 146.34 140.92 0
      vertex 146.34 141.408 0.0480366
    endloop
  endfacet
  facet normal -0 0.634226 0.773148
    outer loop
      vertex 146.34 142.688 4.26777
      vertex 154.34 142.309 4.57867
      vertex 154.34 142.688 4.26777
    endloop
  endfacet
  facet normal 0 0.634226 0.773148
    outer loop
      vertex 154.34 142.309 4.57867
      vertex 146.34 142.688 4.26777
      vertex 146.34 142.309 4.57867
    endloop
  endfacet
  facet normal 0 -0.881944 0.471355
    outer loop
      vertex 146.34 138.61 3.45671
      vertex 154.34 138.841 3.88893
      vertex 146.34 138.841 3.88893
    endloop
  endfacet
  facet normal 0 -0.881944 0.471355
    outer loop
      vertex 154.34 138.841 3.88893
      vertex 146.34 138.61 3.45671
      vertex 154.34 138.61 3.45671
    endloop
  endfacet
  facet normal 1 0 0
    outer loop
      vertex 154.34 143.372 2.98773
      vertex 154.34 143.372 2.01227
      vertex 154.34 143.42 2.5
    endloop
  endfacet
  facet normal 1 0 0
    outer loop
      vertex 154.34 143.23 3.45671
      vertex 154.34 143.372 2.01227
      vertex 154.34 143.372 2.98773
    endloop
  endfacet
  facet normal 1 0 0
    outer loop
      vertex 154.34 143.23 3.45671
      vertex 154.34 143.23 1.54329
      vertex 154.34 143.372 2.01227
    endloop
  endfacet
  facet normal 1 0 0
    outer loop
      vertex 154.34 142.999 3.88893
      vertex 154.34 143.23 1.54329
      vertex 154.34 143.23 3.45671
    endloop
  endfacet
  facet normal 1 0 0
    outer loop
      vertex 154.34 142.999 3.88893
      vertex 154.34 142.999 1.11107
      vertex 154.34 143.23 1.54329
    endloop
  endfacet
  facet normal 1 0 0
    outer loop
      vertex 154.34 142.688 4.26777
      vertex 154.34 142.999 1.11107
      vertex 154.34 142.999 3.88893
    endloop
  endfacet
  facet normal 1 0 0
    outer loop
      vertex 154.34 142.688 4.26777
      vertex 154.34 142.688 0.732232
      vertex 154.34 142.999 1.11107
    endloop
  endfacet
  facet normal 1 0 0
    outer loop
      vertex 154.34 142.309 4.57867
      vertex 154.34 142.688 0.732232
      vertex 154.34 142.688 4.26777
    endloop
  endfacet
  facet normal 1 0 0
    outer loop
      vertex 154.34 142.309 4.57867
      vertex 154.34 142.309 0.421326
      vertex 154.34 142.688 0.732232
    endloop
  endfacet
  facet normal 1 0 0
    outer loop
      vertex 154.34 141.877 4.8097
      vertex 154.34 142.309 0.421326
      vertex 154.34 142.309 4.57867
    endloop
  endfacet
  facet normal 1 0 0
    outer loop
      vertex 154.34 141.877 4.8097
      vertex 154.34 141.877 0.190301
      vertex 154.34 142.309 0.421326
    endloop
  endfacet
  facet normal 1 0 0
    outer loop
      vertex 154.34 141.408 4.95196
      vertex 154.34 141.877 0.190301
      vertex 154.34 141.877 4.8097
    endloop
  endfacet
  facet normal 1 0 0
    outer loop
      vertex 154.34 141.408 4.95196
      vertex 154.34 141.408 0.0480366
      vertex 154.34 141.877 0.190301
    endloop
  endfacet
  facet normal 1 0 0
    outer loop
      vertex 154.34 140.92 5
      vertex 154.34 141.408 0.0480366
      vertex 154.34 141.408 4.95196
    endloop
  endfacet
  facet normal 1 0 0
    outer loop
      vertex 154.34 140.92 5
      vertex 154.34 140.92 0
      vertex 154.34 141.408 0.0480366
    endloop
  endfacet
  facet normal 1 -0 0
    outer loop
      vertex 154.34 140.432 4.95196
      vertex 154.34 140.92 0
      vertex 154.34 140.92 5
    endloop
  endfacet
  facet normal 1 0 0
    outer loop
      vertex 154.34 140.432 4.95196
      vertex 154.34 140.432 0.0480366
      vertex 154.34 140.92 0
    endloop
  endfacet
  facet normal 1 -0 0
    outer loop
      vertex 154.34 139.963 4.8097
      vertex 154.34 140.432 0.0480366
      vertex 154.34 140.432 4.95196
    endloop
  endfacet
  facet normal 1 0 0
    outer loop
      vertex 154.34 139.963 4.8097
      vertex 154.34 139.963 0.190301
      vertex 154.34 140.432 0.0480366
    endloop
  endfacet
  facet normal 1 -0 0
    outer loop
      vertex 154.34 139.531 4.57867
      vertex 154.34 139.963 0.190301
      vertex 154.34 139.963 4.8097
    endloop
  endfacet
  facet normal 1 0 0
    outer loop
      vertex 154.34 139.531 4.57867
      vertex 154.34 139.531 0.421326
      vertex 154.34 139.963 0.190301
    endloop
  endfacet
  facet normal 1 -0 0
    outer loop
      vertex 154.34 139.152 4.26777
      vertex 154.34 139.531 0.421326
      vertex 154.34 139.531 4.57867
    endloop
  endfacet
  facet normal 1 0 0
    outer loop
      vertex 154.34 139.152 4.26777
      vertex 154.34 139.152 0.732232
      vertex 154.34 139.531 0.421326
    endloop
  endfacet
  facet normal 1 -0 0
    outer loop
      vertex 154.34 138.841 3.88893
      vertex 154.34 139.152 0.732232
      vertex 154.34 139.152 4.26777
    endloop
  endfacet
  facet normal 1 0 0
    outer loop
      vertex 154.34 138.841 3.88893
      vertex 154.34 138.841 1.11107
      vertex 154.34 139.152 0.732232
    endloop
  endfacet
  facet normal 1 -0 0
    outer loop
      vertex 154.34 138.61 3.45671
      vertex 154.34 138.841 1.11107
      vertex 154.34 138.841 3.88893
    endloop
  endfacet
  facet normal 1 0 0
    outer loop
      vertex 154.34 138.61 3.45671
      vertex 154.34 138.61 1.54329
      vertex 154.34 138.841 1.11107
    endloop
  endfacet
  facet normal 1 -0 0
    outer loop
      vertex 154.34 138.468 2.98773
      vertex 154.34 138.61 1.54329
      vertex 154.34 138.61 3.45671
    endloop
  endfacet
  facet normal 1 0 0
    outer loop
      vertex 154.34 138.468 2.98773
      vertex 154.34 138.468 2.01227
      vertex 154.34 138.61 1.54329
    endloop
  endfacet
  facet normal 1 0 -0
    outer loop
      vertex 154.34 138.468 2.01227
      vertex 154.34 138.468 2.98773
      vertex 154.34 138.42 2.5
    endloop
  endfacet
  facet normal 0 -0.634233 -0.773142
    outer loop
      vertex 146.34 139.152 0.732232
      vertex 154.34 139.531 0.421326
      vertex 154.34 139.152 0.732232
    endloop
  endfacet
  facet normal -0 -0.634233 -0.773142
    outer loop
      vertex 154.34 139.531 0.421326
      vertex 146.34 139.152 0.732232
      vertex 146.34 139.531 0.421326
    endloop
  endfacet
  facet normal 0 0.634233 -0.773142
    outer loop
      vertex 146.34 142.309 0.421326
      vertex 154.34 142.688 0.732232
      vertex 154.34 142.309 0.421326
    endloop
  endfacet
  facet normal 0 0.634233 -0.773142
    outer loop
      vertex 154.34 142.688 0.732232
      vertex 146.34 142.309 0.421326
      vertex 146.34 142.688 0.732232
    endloop
  endfacet
  facet normal -0 0.290267 0.956946
    outer loop
      vertex 146.34 141.877 4.8097
      vertex 154.34 141.408 4.95196
      vertex 154.34 141.877 4.8097
    endloop
  endfacet
  facet normal 0 0.290267 0.956946
    outer loop
      vertex 154.34 141.408 4.95196
      vertex 146.34 141.877 4.8097
      vertex 146.34 141.408 4.95196
    endloop
  endfacet
  facet normal 0 -0.772915 -0.63451
    outer loop
      vertex 146.34 139.152 0.732232
      vertex 154.34 138.841 1.11107
      vertex 146.34 138.841 1.11107
    endloop
  endfacet
  facet normal 0 -0.772915 -0.63451
    outer loop
      vertex 154.34 138.841 1.11107
      vertex 146.34 139.152 0.732232
      vertex 154.34 139.152 0.732232
    endloop
  endfacet
  facet normal 0 0.995192 -0.0979419
    outer loop
      vertex 154.34 143.372 2.01227
      vertex 146.34 143.42 2.5
      vertex 154.34 143.42 2.5
    endloop
  endfacet
  facet normal 0 0.995192 -0.0979419
    outer loop
      vertex 146.34 143.42 2.5
      vertex 154.34 143.372 2.01227
      vertex 146.34 143.372 2.01227
    endloop
  endfacet
  facet normal 0 -0.95709 0.289792
    outer loop
      vertex 146.34 138.468 2.98773
      vertex 154.34 138.61 3.45671
      vertex 146.34 138.61 3.45671
    endloop
  endfacet
  facet normal 0 -0.95709 0.289792
    outer loop
      vertex 154.34 138.61 3.45671
      vertex 146.34 138.468 2.98773
      vertex 154.34 138.468 2.98773
    endloop
  endfacet
  facet normal 0 -0.290267 0.956946
    outer loop
      vertex 146.34 140.432 4.95196
      vertex 154.34 139.963 4.8097
      vertex 154.34 140.432 4.95196
    endloop
  endfacet
  facet normal 0 -0.290267 0.956946
    outer loop
      vertex 154.34 139.963 4.8097
      vertex 146.34 140.432 4.95196
      vertex 146.34 139.963 4.8097
    endloop
  endfacet
  facet normal 0 -0.881944 -0.471355
    outer loop
      vertex 146.34 138.841 1.11107
      vertex 154.34 138.61 1.54329
      vertex 146.34 138.61 1.54329
    endloop
  endfacet
  facet normal 0 -0.881944 -0.471355
    outer loop
      vertex 154.34 138.61 1.54329
      vertex 146.34 138.841 1.11107
      vertex 154.34 138.841 1.11107
    endloop
  endfacet
  facet normal 0 -0.471581 -0.881823
    outer loop
      vertex 146.34 139.531 0.421326
      vertex 154.34 139.963 0.190301
      vertex 154.34 139.531 0.421326
    endloop
  endfacet
  facet normal -0 -0.471581 -0.881823
    outer loop
      vertex 154.34 139.963 0.190301
      vertex 146.34 139.531 0.421326
      vertex 146.34 139.963 0.190301
    endloop
  endfacet
  facet normal 0 0.290275 -0.956943
    outer loop
      vertex 146.34 141.408 0.0480366
      vertex 154.34 141.877 0.190301
      vertex 154.34 141.408 0.0480366
    endloop
  endfacet
  facet normal 0 0.290275 -0.956943
    outer loop
      vertex 154.34 141.877 0.190301
      vertex 146.34 141.408 0.0480366
      vertex 146.34 141.877 0.190301
    endloop
  endfacet
  facet normal 0 0.995192 0.0979419
    outer loop
      vertex 154.34 143.42 2.5
      vertex 146.34 143.372 2.98773
      vertex 154.34 143.372 2.98773
    endloop
  endfacet
  facet normal 0 0.995192 0.0979419
    outer loop
      vertex 146.34 143.372 2.98773
      vertex 154.34 143.42 2.5
      vertex 146.34 143.42 2.5
    endloop
  endfacet
  facet normal 0 -0.95709 -0.289792
    outer loop
      vertex 146.34 138.61 1.54329
      vertex 154.34 138.468 2.01227
      vertex 146.34 138.468 2.01227
    endloop
  endfacet
  facet normal 0 -0.95709 -0.289792
    outer loop
      vertex 154.34 138.468 2.01227
      vertex 146.34 138.61 1.54329
      vertex 154.34 138.61 1.54329
    endloop
  endfacet
  facet normal -0 0.471589 0.881818
    outer loop
      vertex 146.34 142.309 4.57867
      vertex 154.34 141.877 4.8097
      vertex 154.34 142.309 4.57867
    endloop
  endfacet
  facet normal 0 0.471589 0.881818
    outer loop
      vertex 154.34 141.877 4.8097
      vertex 146.34 142.309 4.57867
      vertex 146.34 141.877 4.8097
    endloop
  endfacet
  facet normal 0 0.95709 0.289792
    outer loop
      vertex 154.34 143.372 2.98773
      vertex 146.34 143.23 3.45671
      vertex 154.34 143.23 3.45671
    endloop
  endfacet
  facet normal 0 0.95709 0.289792
    outer loop
      vertex 146.34 143.23 3.45671
      vertex 154.34 143.372 2.98773
      vertex 146.34 143.372 2.98773
    endloop
  endfacet
  facet normal 0 0.881944 0.471355
    outer loop
      vertex 154.34 143.23 3.45671
      vertex 146.34 142.999 3.88893
      vertex 154.34 142.999 3.88893
    endloop
  endfacet
  facet normal 0 0.881944 0.471355
    outer loop
      vertex 146.34 142.999 3.88893
      vertex 154.34 143.23 3.45671
      vertex 146.34 143.23 3.45671
    endloop
  endfacet
  facet normal 0 -0.995192 -0.0979419
    outer loop
      vertex 146.34 138.468 2.01227
      vertex 154.34 138.42 2.5
      vertex 146.34 138.42 2.5
    endloop
  endfacet
  facet normal 0 -0.995192 -0.0979419
    outer loop
      vertex 154.34 138.42 2.5
      vertex 146.34 138.468 2.01227
      vertex 154.34 138.468 2.01227
    endloop
  endfacet
  facet normal -1 0 0
    outer loop
      vertex 146.34 143.372 2.01227
      vertex 146.34 143.372 2.98773
      vertex 146.34 143.42 2.5
    endloop
  endfacet
  facet normal -1 0 0
    outer loop
      vertex 146.34 143.23 1.54329
      vertex 146.34 143.372 2.98773
      vertex 146.34 143.372 2.01227
    endloop
  endfacet
  facet normal -1 0 0
    outer loop
      vertex 146.34 143.23 1.54329
      vertex 146.34 143.23 3.45671
      vertex 146.34 143.372 2.98773
    endloop
  endfacet
  facet normal -1 0 0
    outer loop
      vertex 146.34 142.999 1.11107
      vertex 146.34 143.23 3.45671
      vertex 146.34 143.23 1.54329
    endloop
  endfacet
  facet normal -1 0 0
    outer loop
      vertex 146.34 142.999 1.11107
      vertex 146.34 142.999 3.88893
      vertex 146.34 143.23 3.45671
    endloop
  endfacet
  facet normal -1 0 0
    outer loop
      vertex 146.34 142.688 0.732232
      vertex 146.34 142.999 3.88893
      vertex 146.34 142.999 1.11107
    endloop
  endfacet
  facet normal -1 0 0
    outer loop
      vertex 146.34 142.688 0.732232
      vertex 146.34 142.688 4.26777
      vertex 146.34 142.999 3.88893
    endloop
  endfacet
  facet normal -1 0 0
    outer loop
      vertex 146.34 142.309 0.421326
      vertex 146.34 142.688 4.26777
      vertex 146.34 142.688 0.732232
    endloop
  endfacet
  facet normal -1 0 0
    outer loop
      vertex 146.34 142.309 0.421326
      vertex 146.34 142.309 4.57867
      vertex 146.34 142.688 4.26777
    endloop
  endfacet
  facet normal -1 0 0
    outer loop
      vertex 146.34 141.877 0.190301
      vertex 146.34 142.309 4.57867
      vertex 146.34 142.309 0.421326
    endloop
  endfacet
  facet normal -1 0 0
    outer loop
      vertex 146.34 141.877 0.190301
      vertex 146.34 141.877 4.8097
      vertex 146.34 142.309 4.57867
    endloop
  endfacet
  facet normal -1 0 0
    outer loop
      vertex 146.34 141.408 0.0480366
      vertex 146.34 141.877 4.8097
      vertex 146.34 141.877 0.190301
    endloop
  endfacet
  facet normal -1 0 0
    outer loop
      vertex 146.34 141.408 0.0480366
      vertex 146.34 141.408 4.95196
      vertex 146.34 141.877 4.8097
    endloop
  endfacet
  facet normal -1 0 0
    outer loop
      vertex 146.34 140.92 0
      vertex 146.34 141.408 4.95196
      vertex 146.34 141.408 0.0480366
    endloop
  endfacet
  facet normal -1 0 0
    outer loop
      vertex 146.34 140.92 0
      vertex 146.34 140.92 5
      vertex 146.34 141.408 4.95196
    endloop
  endfacet
  facet normal -1 0 0
    outer loop
      vertex 146.34 140.432 0.0480366
      vertex 146.34 140.92 5
      vertex 146.34 140.92 0
    endloop
  endfacet
  facet normal -1 0 0
    outer loop
      vertex 146.34 140.432 0.0480366
      vertex 146.34 140.432 4.95196
      vertex 146.34 140.92 5
    endloop
  endfacet
  facet normal -1 0 0
    outer loop
      vertex 146.34 139.963 0.190301
      vertex 146.34 140.432 4.95196
      vertex 146.34 140.432 0.0480366
    endloop
  endfacet
  facet normal -1 0 0
    outer loop
      vertex 146.34 139.963 0.190301
      vertex 146.34 139.963 4.8097
      vertex 146.34 140.432 4.95196
    endloop
  endfacet
  facet normal -1 0 0
    outer loop
      vertex 146.34 139.531 0.421326
      vertex 146.34 139.963 4.8097
      vertex 146.34 139.963 0.190301
    endloop
  endfacet
  facet normal -1 0 0
    outer loop
      vertex 146.34 139.531 0.421326
      vertex 146.34 139.531 4.57867
      vertex 146.34 139.963 4.8097
    endloop
  endfacet
  facet normal -1 0 0
    outer loop
      vertex 146.34 139.152 0.732232
      vertex 146.34 139.531 4.57867
      vertex 146.34 139.531 0.421326
    endloop
  endfacet
  facet normal -1 0 0
    outer loop
      vertex 146.34 139.152 0.732232
      vertex 146.34 139.152 4.26777
      vertex 146.34 139.531 4.57867
    endloop
  endfacet
  facet normal -1 0 0
    outer loop
      vertex 146.34 138.841 1.11107
      vertex 146.34 139.152 4.26777
      vertex 146.34 139.152 0.732232
    endloop
  endfacet
  facet normal -1 0 0
    outer loop
      vertex 146.34 138.841 1.11107
      vertex 146.34 138.841 3.88893
      vertex 146.34 139.152 4.26777
    endloop
  endfacet
  facet normal -1 0 0
    outer loop
      vertex 146.34 138.61 1.54329
      vertex 146.34 138.841 3.88893
      vertex 146.34 138.841 1.11107
    endloop
  endfacet
  facet normal -1 0 0
    outer loop
      vertex 146.34 138.61 1.54329
      vertex 146.34 138.61 3.45671
      vertex 146.34 138.841 3.88893
    endloop
  endfacet
  facet normal -1 0 0
    outer loop
      vertex 146.34 138.468 2.01227
      vertex 146.34 138.61 3.45671
      vertex 146.34 138.61 1.54329
    endloop
  endfacet
  facet normal -1 0 0
    outer loop
      vertex 146.34 138.468 2.01227
      vertex 146.34 138.468 2.98773
      vertex 146.34 138.61 3.45671
    endloop
  endfacet
  facet normal -1 0 -0
    outer loop
      vertex 146.34 138.468 2.98773
      vertex 146.34 138.468 2.01227
      vertex 146.34 138.42 2.5
    endloop
  endfacet
  facet normal 0 -0.0979691 0.995189
    outer loop
      vertex 146.34 140.92 5
      vertex 154.34 140.432 4.95196
      vertex 154.34 140.92 5
    endloop
  endfacet
  facet normal 0 -0.0979691 0.995189
    outer loop
      vertex 154.34 140.432 4.95196
      vertex 146.34 140.92 5
      vertex 146.34 140.432 4.95196
    endloop
  endfacet
  facet normal 0 0.881944 -0.471355
    outer loop
      vertex 154.34 142.999 1.11107
      vertex 146.34 143.23 1.54329
      vertex 154.34 143.23 1.54329
    endloop
  endfacet
  facet normal 0 0.881944 -0.471355
    outer loop
      vertex 146.34 143.23 1.54329
      vertex 154.34 142.999 1.11107
      vertex 146.34 142.999 1.11107
    endloop
  endfacet
  facet normal 0 -0.290275 -0.956943
    outer loop
      vertex 146.34 139.963 0.190301
      vertex 154.34 140.432 0.0480366
      vertex 154.34 139.963 0.190301
    endloop
  endfacet
  facet normal -0 -0.290275 -0.956943
    outer loop
      vertex 154.34 140.432 0.0480366
      vertex 146.34 139.963 0.190301
      vertex 146.34 140.432 0.0480366
    endloop
  endfacet
  facet normal 0 -0.471589 0.881818
    outer loop
      vertex 146.34 139.963 4.8097
      vertex 154.34 139.531 4.57867
      vertex 154.34 139.963 4.8097
    endloop
  endfacet
  facet normal 0 -0.471589 0.881818
    outer loop
      vertex 154.34 139.531 4.57867
      vertex 146.34 139.963 4.8097
      vertex 146.34 139.531 4.57867
    endloop
  endfacet
  facet normal 0 -0.772916 0.634508
    outer loop
      vertex 146.34 138.841 3.88893
      vertex 154.34 139.152 4.26777
      vertex 146.34 139.152 4.26777
    endloop
  endfacet
  facet normal 0 -0.772916 0.634508
    outer loop
      vertex 154.34 139.152 4.26777
      vertex 146.34 138.841 3.88893
      vertex 154.34 138.841 3.88893
    endloop
  endfacet
  facet normal 0 -0.634226 0.773148
    outer loop
      vertex 146.34 139.531 4.57867
      vertex 154.34 139.152 4.26777
      vertex 154.34 139.531 4.57867
    endloop
  endfacet
  facet normal 0 -0.634226 0.773148
    outer loop
      vertex 154.34 139.152 4.26777
      vertex 146.34 139.531 4.57867
      vertex 146.34 139.152 4.26777
    endloop
  endfacet
  facet normal 0 -0.995192 0.0979419
    outer loop
      vertex 146.34 138.42 2.5
      vertex 154.34 138.468 2.98773
      vertex 146.34 138.468 2.98773
    endloop
  endfacet
  facet normal 0 -0.995192 0.0979419
    outer loop
      vertex 154.34 138.468 2.98773
      vertex 146.34 138.42 2.5
      vertex 154.34 138.42 2.5
    endloop
  endfacet
endsolid OpenSCAD_Model
